YYYY-MM-DD,^(\d\d\d\d)-(01|02|03|04|05|06|07|08|09|10|11|12)-(0[1-9]|[1-2]\d|30|31)$
YYYY-MM-DD hh:mm:ss.sss,^(\d\d\d\d)-(01|02|03|04|05|06|07|08|09|10|11|12)-(0[1-9]|[1-2]\d|30|31) ([0-1]\d|2[0-4]):([0-5]\d):([0-5]\d)(\.\d\d\d)$
YYYY-MM-DDThh:mm:ss.sss,^(\d\d\d\d)-(01|02|03|04|05|06|07|08|09|10|11|12)-(0[1-9]|[1-2]\d|30|31)T([0-1]\d|2[0-4]):([0-5]\d):([0-5]\d)(\.\d\d\d)$
YYYY-MM-DD hh:mm:ss.sssZ,^(\d\d\d\d)-(01|02|03|04|05|06|07|08|09|10|11|12)-(0[1-9]|[1-2]\d|30|31) ([0-1]\d|2[0-4]):([0-5]\d):([0-5]\d)(\.\d\d\d)Z$
YYYY-MM-DDThh:mm:ss.sssZ,^(\d\d\d\d)-(01|02|03|04|05|06|07|08|09|10|11|12)-(0[1-9]|[1-2]\d|30|31)T([0-1]\d|2[0-4]):([0-5]\d):([0-5]\d)(\.\d\d\d)Z$
YYYY-MM-DD hh:mm:ss.sss+hh:mm,^(\d\d\d\d)-(01|02|03|04|05|06|07|08|09|10|11|12)-(0[1-9]|[1-2]\d|30|31) ([0-1]\d|2[0-4]):([0-5]\d):([0-5]\d)(\.\d\d\d)\+([0-1]\d|2[0-4]):([0-5]\d)$
YYYY-MM-DDThh:mm:ss.sss+hh:mm,^(\d\d\d\d)-(01|02|03|04|05|06|07|08|09|10|11|12)-(0[1-9]|[1-2]\d|30|31)T([0-1]\d|2[0-4]):([0-5]\d):([0-5]\d)(\.\d\d\d)\+([0-1]\d|2[0-4]):([0-5]\d)$
YYYY-MM-DD hh:mm:ss.sss+hhmm,^(\d\d\d\d)-(01|02|03|04|05|06|07|08|09|10|11|12)-(0[1-9]|[1-2]\d|30|31) ([0-1]\d|2[0-4]):([0-5]\d):([0-5]\d)(\.\d\d\d)\+([0-1]\d|2[0-4])([0-5]\d)$
YYYY-MM-DDThh:mm:ss.sss+hhmm,^(\d\d\d\d)-(01|02|03|04|05|06|07|08|09|10|11|12)-(0[1-9]|[1-2]\d|30|31)T([0-1]\d|2[0-4]):([0-5]\d):([0-5]\d)(\.\d\d\d)\+([0-1]\d|2[0-4])([0-5]\d)$
YYYY-MM-DD hh:mm:ss.sss+hh,^(\d\d\d\d)-(01|02|03|04|05|06|07|08|09|10|11|12)-(0[1-9]|[1-2]\d|30|31) ([0-1]\d|2[0-4]):([0-5]\d):([0-5]\d)(\.\d\d\d)\+([0-1]\d|2[0-4])$
YYYY-MM-DDThh:mm:ss.sss+hh,^(\d\d\d\d)-(01|02|03|04|05|06|07|08|09|10|11|12)-(0[1-9]|[1-2]\d|30|31)T([0-1]\d|2[0-4]):([0-5]\d):([0-5]\d)(\.\d\d\d)\+([0-1]\d|2[0-4])$
YYYY-MM-DD hh:mm:ss.sss-hh:mm,^(\d\d\d\d)-(01|02|03|04|05|06|07|08|09|10|11|12)-(0[1-9]|[1-2]\d|30|31) ([0-1]\d|2[0-4]):([0-5]\d):([0-5]\d)(\.\d\d\d)\-([0-1]\d|2[0-4]):([0-5]\d)$
YYYY-MM-DDThh:mm:ss.sss-hh:mm,^(\d\d\d\d)-(01|02|03|04|05|06|07|08|09|10|11|12)-(0[1-9]|[1-2]\d|30|31)T([0-1]\d|2[0-4]):([0-5]\d):([0-5]\d)(\.\d\d\d)\-([0-1]\d|2[0-4]):([0-5]\d)$
YYYY-MM-DD hh:mm:ss.sss-hhmm,^(\d\d\d\d)-(01|02|03|04|05|06|07|08|09|10|11|12)-(0[1-9]|[1-2]\d|30|31) ([0-1]\d|2[0-4]):([0-5]\d):([0-5]\d)(\.\d\d\d)\-([0-1]\d|2[0-4])([0-5]\d)$
YYYY-MM-DDThh:mm:ss.sss-hhmm,^(\d\d\d\d)-(01|02|03|04|05|06|07|08|09|10|11|12)-(0[1-9]|[1-2]\d|30|31)T([0-1]\d|2[0-4]):([0-5]\d):([0-5]\d)(\.\d\d\d)\-([0-1]\d|2[0-4])([0-5]\d)$
YYYY-MM-DD hh:mm:ss.sss-hh,^(\d\d\d\d)-(01|02|03|04|05|06|07|08|09|10|11|12)-(0[1-9]|[1-2]\d|30|31) ([0-1]\d|2[0-4]):([0-5]\d):([0-5]\d)(\.\d\d\d)\-([0-1]\d|2[0-4])$
YYYY-MM-DDThh:mm:ss.sss-hh,^(\d\d\d\d)-(01|02|03|04|05|06|07|08|09|10|11|12)-(0[1-9]|[1-2]\d|30|31)T([0-1]\d|2[0-4]):([0-5]\d):([0-5]\d)(\.\d\d\d)\-([0-1]\d|2[0-4])$
YYYY-MM-DD hhmmss.sss,^(\d\d\d\d)-(01|02|03|04|05|06|07|08|09|10|11|12)-(0[1-9]|[1-2]\d|30|31) ([0-1]\d|2[0-4])([0-5]\d)([0-5]\d)(\.\d\d\d)$
YYYY-MM-DDThhmmss.sss,^(\d\d\d\d)-(01|02|03|04|05|06|07|08|09|10|11|12)-(0[1-9]|[1-2]\d|30|31)T([0-1]\d|2[0-4])([0-5]\d)([0-5]\d)(\.\d\d\d)$
YYYY-MM-DD hhmmss.sssZ,^(\d\d\d\d)-(01|02|03|04|05|06|07|08|09|10|11|12)-(0[1-9]|[1-2]\d|30|31) ([0-1]\d|2[0-4])([0-5]\d)([0-5]\d)(\.\d\d\d)Z$
YYYY-MM-DDThhmmss.sssZ,^(\d\d\d\d)-(01|02|03|04|05|06|07|08|09|10|11|12)-(0[1-9]|[1-2]\d|30|31)T([0-1]\d|2[0-4])([0-5]\d)([0-5]\d)(\.\d\d\d)Z$
YYYY-MM-DD hhmmss.sss+hh:mm,^(\d\d\d\d)-(01|02|03|04|05|06|07|08|09|10|11|12)-(0[1-9]|[1-2]\d|30|31) ([0-1]\d|2[0-4])([0-5]\d)([0-5]\d)(\.\d\d\d)\+([0-1]\d|2[0-4]):([0-5]\d)$
YYYY-MM-DDThhmmss.sss+hh:mm,^(\d\d\d\d)-(01|02|03|04|05|06|07|08|09|10|11|12)-(0[1-9]|[1-2]\d|30|31)T([0-1]\d|2[0-4])([0-5]\d)([0-5]\d)(\.\d\d\d)\+([0-1]\d|2[0-4]):([0-5]\d)$
YYYY-MM-DD hhmmss.sss+hhmm,^(\d\d\d\d)-(01|02|03|04|05|06|07|08|09|10|11|12)-(0[1-9]|[1-2]\d|30|31) ([0-1]\d|2[0-4])([0-5]\d)([0-5]\d)(\.\d\d\d)\+([0-1]\d|2[0-4])([0-5]\d)$
YYYY-MM-DDThhmmss.sss+hhmm,^(\d\d\d\d)-(01|02|03|04|05|06|07|08|09|10|11|12)-(0[1-9]|[1-2]\d|30|31)T([0-1]\d|2[0-4])([0-5]\d)([0-5]\d)(\.\d\d\d)\+([0-1]\d|2[0-4])([0-5]\d)$
YYYY-MM-DD hhmmss.sss+hh,^(\d\d\d\d)-(01|02|03|04|05|06|07|08|09|10|11|12)-(0[1-9]|[1-2]\d|30|31) ([0-1]\d|2[0-4])([0-5]\d)([0-5]\d)(\.\d\d\d)\+([0-1]\d|2[0-4])$
YYYY-MM-DDThhmmss.sss+hh,^(\d\d\d\d)-(01|02|03|04|05|06|07|08|09|10|11|12)-(0[1-9]|[1-2]\d|30|31)T([0-1]\d|2[0-4])([0-5]\d)([0-5]\d)(\.\d\d\d)\+([0-1]\d|2[0-4])$
YYYY-MM-DD hhmmss.sss-hh:mm,^(\d\d\d\d)-(01|02|03|04|05|06|07|08|09|10|11|12)-(0[1-9]|[1-2]\d|30|31) ([0-1]\d|2[0-4])([0-5]\d)([0-5]\d)(\.\d\d\d)\-([0-1]\d|2[0-4]):([0-5]\d)$
YYYY-MM-DDThhmmss.sss-hh:mm,^(\d\d\d\d)-(01|02|03|04|05|06|07|08|09|10|11|12)-(0[1-9]|[1-2]\d|30|31)T([0-1]\d|2[0-4])([0-5]\d)([0-5]\d)(\.\d\d\d)\-([0-1]\d|2[0-4]):([0-5]\d)$
YYYY-MM-DD hhmmss.sss-hhmm,^(\d\d\d\d)-(01|02|03|04|05|06|07|08|09|10|11|12)-(0[1-9]|[1-2]\d|30|31) ([0-1]\d|2[0-4])([0-5]\d)([0-5]\d)(\.\d\d\d)\-([0-1]\d|2[0-4])([0-5]\d)$
YYYY-MM-DDThhmmss.sss-hhmm,^(\d\d\d\d)-(01|02|03|04|05|06|07|08|09|10|11|12)-(0[1-9]|[1-2]\d|30|31)T([0-1]\d|2[0-4])([0-5]\d)([0-5]\d)(\.\d\d\d)\-([0-1]\d|2[0-4])([0-5]\d)$
YYYY-MM-DD hhmmss.sss-hh,^(\d\d\d\d)-(01|02|03|04|05|06|07|08|09|10|11|12)-(0[1-9]|[1-2]\d|30|31) ([0-1]\d|2[0-4])([0-5]\d)([0-5]\d)(\.\d\d\d)\-([0-1]\d|2[0-4])$
YYYY-MM-DDThhmmss.sss-hh,^(\d\d\d\d)-(01|02|03|04|05|06|07|08|09|10|11|12)-(0[1-9]|[1-2]\d|30|31)T([0-1]\d|2[0-4])([0-5]\d)([0-5]\d)(\.\d\d\d)\-([0-1]\d|2[0-4])$
YYYY-MM-DD hh:mm:ss,^(\d\d\d\d)-(01|02|03|04|05|06|07|08|09|10|11|12)-(0[1-9]|[1-2]\d|30|31) ([0-1]\d|2[0-4]):([0-5]\d):([0-5]\d)$
YYYY-MM-DDThh:mm:ss,^(\d\d\d\d)-(01|02|03|04|05|06|07|08|09|10|11|12)-(0[1-9]|[1-2]\d|30|31)T([0-1]\d|2[0-4]):([0-5]\d):([0-5]\d)$
YYYY-MM-DD hh:mm:ssZ,^(\d\d\d\d)-(01|02|03|04|05|06|07|08|09|10|11|12)-(0[1-9]|[1-2]\d|30|31) ([0-1]\d|2[0-4]):([0-5]\d):([0-5]\d)Z$
YYYY-MM-DDThh:mm:ssZ,^(\d\d\d\d)-(01|02|03|04|05|06|07|08|09|10|11|12)-(0[1-9]|[1-2]\d|30|31)T([0-1]\d|2[0-4]):([0-5]\d):([0-5]\d)Z$
YYYY-MM-DD hh:mm:ss+hh:mm,^(\d\d\d\d)-(01|02|03|04|05|06|07|08|09|10|11|12)-(0[1-9]|[1-2]\d|30|31) ([0-1]\d|2[0-4]):([0-5]\d):([0-5]\d)\+([0-1]\d|2[0-4]):([0-5]\d)$
YYYY-MM-DDThh:mm:ss+hh:mm,^(\d\d\d\d)-(01|02|03|04|05|06|07|08|09|10|11|12)-(0[1-9]|[1-2]\d|30|31)T([0-1]\d|2[0-4]):([0-5]\d):([0-5]\d)\+([0-1]\d|2[0-4]):([0-5]\d)$
YYYY-MM-DD hh:mm:ss+hhmm,^(\d\d\d\d)-(01|02|03|04|05|06|07|08|09|10|11|12)-(0[1-9]|[1-2]\d|30|31) ([0-1]\d|2[0-4]):([0-5]\d):([0-5]\d)\+([0-1]\d|2[0-4])([0-5]\d)$
YYYY-MM-DDThh:mm:ss+hhmm,^(\d\d\d\d)-(01|02|03|04|05|06|07|08|09|10|11|12)-(0[1-9]|[1-2]\d|30|31)T([0-1]\d|2[0-4]):([0-5]\d):([0-5]\d)\+([0-1]\d|2[0-4])([0-5]\d)$
YYYY-MM-DD hh:mm:ss+hh,^(\d\d\d\d)-(01|02|03|04|05|06|07|08|09|10|11|12)-(0[1-9]|[1-2]\d|30|31) ([0-1]\d|2[0-4]):([0-5]\d):([0-5]\d)\+([0-1]\d|2[0-4])$
YYYY-MM-DDThh:mm:ss+hh,^(\d\d\d\d)-(01|02|03|04|05|06|07|08|09|10|11|12)-(0[1-9]|[1-2]\d|30|31)T([0-1]\d|2[0-4]):([0-5]\d):([0-5]\d)\+([0-1]\d|2[0-4])$
YYYY-MM-DD hh:mm:ss-hh:mm,^(\d\d\d\d)-(01|02|03|04|05|06|07|08|09|10|11|12)-(0[1-9]|[1-2]\d|30|31) ([0-1]\d|2[0-4]):([0-5]\d):([0-5]\d)\-([0-1]\d|2[0-4]):([0-5]\d)$
YYYY-MM-DDThh:mm:ss-hh:mm,^(\d\d\d\d)-(01|02|03|04|05|06|07|08|09|10|11|12)-(0[1-9]|[1-2]\d|30|31)T([0-1]\d|2[0-4]):([0-5]\d):([0-5]\d)\-([0-1]\d|2[0-4]):([0-5]\d)$
YYYY-MM-DD hh:mm:ss-hhmm,^(\d\d\d\d)-(01|02|03|04|05|06|07|08|09|10|11|12)-(0[1-9]|[1-2]\d|30|31) ([0-1]\d|2[0-4]):([0-5]\d):([0-5]\d)\-([0-1]\d|2[0-4])([0-5]\d)$
YYYY-MM-DDThh:mm:ss-hhmm,^(\d\d\d\d)-(01|02|03|04|05|06|07|08|09|10|11|12)-(0[1-9]|[1-2]\d|30|31)T([0-1]\d|2[0-4]):([0-5]\d):([0-5]\d)\-([0-1]\d|2[0-4])([0-5]\d)$
YYYY-MM-DD hh:mm:ss-hh,^(\d\d\d\d)-(01|02|03|04|05|06|07|08|09|10|11|12)-(0[1-9]|[1-2]\d|30|31) ([0-1]\d|2[0-4]):([0-5]\d):([0-5]\d)\-([0-1]\d|2[0-4])$
YYYY-MM-DDThh:mm:ss-hh,^(\d\d\d\d)-(01|02|03|04|05|06|07|08|09|10|11|12)-(0[1-9]|[1-2]\d|30|31)T([0-1]\d|2[0-4]):([0-5]\d):([0-5]\d)\-([0-1]\d|2[0-4])$
YYYY-MM-DD hhmmss,^(\d\d\d\d)-(01|02|03|04|05|06|07|08|09|10|11|12)-(0[1-9]|[1-2]\d|30|31) ([0-1]\d|2[0-4])([0-5]\d)([0-5]\d)$
YYYY-MM-DDThhmmss,^(\d\d\d\d)-(01|02|03|04|05|06|07|08|09|10|11|12)-(0[1-9]|[1-2]\d|30|31)T([0-1]\d|2[0-4])([0-5]\d)([0-5]\d)$
YYYY-MM-DD hhmmssZ,^(\d\d\d\d)-(01|02|03|04|05|06|07|08|09|10|11|12)-(0[1-9]|[1-2]\d|30|31) ([0-1]\d|2[0-4])([0-5]\d)([0-5]\d)Z$
YYYY-MM-DDThhmmssZ,^(\d\d\d\d)-(01|02|03|04|05|06|07|08|09|10|11|12)-(0[1-9]|[1-2]\d|30|31)T([0-1]\d|2[0-4])([0-5]\d)([0-5]\d)Z$
YYYY-MM-DD hhmmss+hh:mm,^(\d\d\d\d)-(01|02|03|04|05|06|07|08|09|10|11|12)-(0[1-9]|[1-2]\d|30|31) ([0-1]\d|2[0-4])([0-5]\d)([0-5]\d)\+([0-1]\d|2[0-4]):([0-5]\d)$
YYYY-MM-DDThhmmss+hh:mm,^(\d\d\d\d)-(01|02|03|04|05|06|07|08|09|10|11|12)-(0[1-9]|[1-2]\d|30|31)T([0-1]\d|2[0-4])([0-5]\d)([0-5]\d)\+([0-1]\d|2[0-4]):([0-5]\d)$
YYYY-MM-DD hhmmss+hhmm,^(\d\d\d\d)-(01|02|03|04|05|06|07|08|09|10|11|12)-(0[1-9]|[1-2]\d|30|31) ([0-1]\d|2[0-4])([0-5]\d)([0-5]\d)\+([0-1]\d|2[0-4])([0-5]\d)$
YYYY-MM-DDThhmmss+hhmm,^(\d\d\d\d)-(01|02|03|04|05|06|07|08|09|10|11|12)-(0[1-9]|[1-2]\d|30|31)T([0-1]\d|2[0-4])([0-5]\d)([0-5]\d)\+([0-1]\d|2[0-4])([0-5]\d)$
YYYY-MM-DD hhmmss+hh,^(\d\d\d\d)-(01|02|03|04|05|06|07|08|09|10|11|12)-(0[1-9]|[1-2]\d|30|31) ([0-1]\d|2[0-4])([0-5]\d)([0-5]\d)\+([0-1]\d|2[0-4])$
YYYY-MM-DDThhmmss+hh,^(\d\d\d\d)-(01|02|03|04|05|06|07|08|09|10|11|12)-(0[1-9]|[1-2]\d|30|31)T([0-1]\d|2[0-4])([0-5]\d)([0-5]\d)\+([0-1]\d|2[0-4])$
YYYY-MM-DD hhmmss-hh:mm,^(\d\d\d\d)-(01|02|03|04|05|06|07|08|09|10|11|12)-(0[1-9]|[1-2]\d|30|31) ([0-1]\d|2[0-4])([0-5]\d)([0-5]\d)\-([0-1]\d|2[0-4]):([0-5]\d)$
YYYY-MM-DDThhmmss-hh:mm,^(\d\d\d\d)-(01|02|03|04|05|06|07|08|09|10|11|12)-(0[1-9]|[1-2]\d|30|31)T([0-1]\d|2[0-4])([0-5]\d)([0-5]\d)\-([0-1]\d|2[0-4]):([0-5]\d)$
YYYY-MM-DD hhmmss-hhmm,^(\d\d\d\d)-(01|02|03|04|05|06|07|08|09|10|11|12)-(0[1-9]|[1-2]\d|30|31) ([0-1]\d|2[0-4])([0-5]\d)([0-5]\d)\-([0-1]\d|2[0-4])([0-5]\d)$
YYYY-MM-DDThhmmss-hhmm,^(\d\d\d\d)-(01|02|03|04|05|06|07|08|09|10|11|12)-(0[1-9]|[1-2]\d|30|31)T([0-1]\d|2[0-4])([0-5]\d)([0-5]\d)\-([0-1]\d|2[0-4])([0-5]\d)$
YYYY-MM-DD hhmmss-hh,^(\d\d\d\d)-(01|02|03|04|05|06|07|08|09|10|11|12)-(0[1-9]|[1-2]\d|30|31) ([0-1]\d|2[0-4])([0-5]\d)([0-5]\d)\-([0-1]\d|2[0-4])$
YYYY-MM-DDThhmmss-hh,^(\d\d\d\d)-(01|02|03|04|05|06|07|08|09|10|11|12)-(0[1-9]|[1-2]\d|30|31)T([0-1]\d|2[0-4])([0-5]\d)([0-5]\d)\-([0-1]\d|2[0-4])$
YYYY-MM-DD hh:mm,^(\d\d\d\d)-(01|02|03|04|05|06|07|08|09|10|11|12)-(0[1-9]|[1-2]\d|30|31) ([0-1]\d|2[0-4]):([0-5]\d)$
YYYY-MM-DDThh:mm,^(\d\d\d\d)-(01|02|03|04|05|06|07|08|09|10|11|12)-(0[1-9]|[1-2]\d|30|31)T([0-1]\d|2[0-4]):([0-5]\d)$
YYYY-MM-DD hh:mmZ,^(\d\d\d\d)-(01|02|03|04|05|06|07|08|09|10|11|12)-(0[1-9]|[1-2]\d|30|31) ([0-1]\d|2[0-4]):([0-5]\d)Z$
YYYY-MM-DDThh:mmZ,^(\d\d\d\d)-(01|02|03|04|05|06|07|08|09|10|11|12)-(0[1-9]|[1-2]\d|30|31)T([0-1]\d|2[0-4]):([0-5]\d)Z$
YYYY-MM-DD hh:mm+hh:mm,^(\d\d\d\d)-(01|02|03|04|05|06|07|08|09|10|11|12)-(0[1-9]|[1-2]\d|30|31) ([0-1]\d|2[0-4]):([0-5]\d)\+([0-1]\d|2[0-4]):([0-5]\d)$
YYYY-MM-DDThh:mm+hh:mm,^(\d\d\d\d)-(01|02|03|04|05|06|07|08|09|10|11|12)-(0[1-9]|[1-2]\d|30|31)T([0-1]\d|2[0-4]):([0-5]\d)\+([0-1]\d|2[0-4]):([0-5]\d)$
YYYY-MM-DD hh:mm+hhmm,^(\d\d\d\d)-(01|02|03|04|05|06|07|08|09|10|11|12)-(0[1-9]|[1-2]\d|30|31) ([0-1]\d|2[0-4]):([0-5]\d)\+([0-1]\d|2[0-4])([0-5]\d)$
YYYY-MM-DDThh:mm+hhmm,^(\d\d\d\d)-(01|02|03|04|05|06|07|08|09|10|11|12)-(0[1-9]|[1-2]\d|30|31)T([0-1]\d|2[0-4]):([0-5]\d)\+([0-1]\d|2[0-4])([0-5]\d)$
YYYY-MM-DD hh:mm+hh,^(\d\d\d\d)-(01|02|03|04|05|06|07|08|09|10|11|12)-(0[1-9]|[1-2]\d|30|31) ([0-1]\d|2[0-4]):([0-5]\d)\+([0-1]\d|2[0-4])$
YYYY-MM-DDThh:mm+hh,^(\d\d\d\d)-(01|02|03|04|05|06|07|08|09|10|11|12)-(0[1-9]|[1-2]\d|30|31)T([0-1]\d|2[0-4]):([0-5]\d)\+([0-1]\d|2[0-4])$
YYYY-MM-DD hh:mm-hh:mm,^(\d\d\d\d)-(01|02|03|04|05|06|07|08|09|10|11|12)-(0[1-9]|[1-2]\d|30|31) ([0-1]\d|2[0-4]):([0-5]\d)\-([0-1]\d|2[0-4]):([0-5]\d)$
YYYY-MM-DDThh:mm-hh:mm,^(\d\d\d\d)-(01|02|03|04|05|06|07|08|09|10|11|12)-(0[1-9]|[1-2]\d|30|31)T([0-1]\d|2[0-4]):([0-5]\d)\-([0-1]\d|2[0-4]):([0-5]\d)$
YYYY-MM-DD hh:mm-hhmm,^(\d\d\d\d)-(01|02|03|04|05|06|07|08|09|10|11|12)-(0[1-9]|[1-2]\d|30|31) ([0-1]\d|2[0-4]):([0-5]\d)\-([0-1]\d|2[0-4])([0-5]\d)$
YYYY-MM-DDThh:mm-hhmm,^(\d\d\d\d)-(01|02|03|04|05|06|07|08|09|10|11|12)-(0[1-9]|[1-2]\d|30|31)T([0-1]\d|2[0-4]):([0-5]\d)\-([0-1]\d|2[0-4])([0-5]\d)$
YYYY-MM-DD hh:mm-hh,^(\d\d\d\d)-(01|02|03|04|05|06|07|08|09|10|11|12)-(0[1-9]|[1-2]\d|30|31) ([0-1]\d|2[0-4]):([0-5]\d)\-([0-1]\d|2[0-4])$
YYYY-MM-DDThh:mm-hh,^(\d\d\d\d)-(01|02|03|04|05|06|07|08|09|10|11|12)-(0[1-9]|[1-2]\d|30|31)T([0-1]\d|2[0-4]):([0-5]\d)\-([0-1]\d|2[0-4])$
YYYY-MM-DD hhmm,^(\d\d\d\d)-(01|02|03|04|05|06|07|08|09|10|11|12)-(0[1-9]|[1-2]\d|30|31) ([0-1]\d|2[0-4])([0-5]\d)$
YYYY-MM-DDThhmm,^(\d\d\d\d)-(01|02|03|04|05|06|07|08|09|10|11|12)-(0[1-9]|[1-2]\d|30|31)T([0-1]\d|2[0-4])([0-5]\d)$
YYYY-MM-DD hhmmZ,^(\d\d\d\d)-(01|02|03|04|05|06|07|08|09|10|11|12)-(0[1-9]|[1-2]\d|30|31) ([0-1]\d|2[0-4])([0-5]\d)Z$
YYYY-MM-DDThhmmZ,^(\d\d\d\d)-(01|02|03|04|05|06|07|08|09|10|11|12)-(0[1-9]|[1-2]\d|30|31)T([0-1]\d|2[0-4])([0-5]\d)Z$
YYYY-MM-DD hhmm+hh:mm,^(\d\d\d\d)-(01|02|03|04|05|06|07|08|09|10|11|12)-(0[1-9]|[1-2]\d|30|31) ([0-1]\d|2[0-4])([0-5]\d)\+([0-1]\d|2[0-4]):([0-5]\d)$
YYYY-MM-DDThhmm+hh:mm,^(\d\d\d\d)-(01|02|03|04|05|06|07|08|09|10|11|12)-(0[1-9]|[1-2]\d|30|31)T([0-1]\d|2[0-4])([0-5]\d)\+([0-1]\d|2[0-4]):([0-5]\d)$
YYYY-MM-DD hhmm+hhmm,^(\d\d\d\d)-(01|02|03|04|05|06|07|08|09|10|11|12)-(0[1-9]|[1-2]\d|30|31) ([0-1]\d|2[0-4])([0-5]\d)\+([0-1]\d|2[0-4])([0-5]\d)$
YYYY-MM-DDThhmm+hhmm,^(\d\d\d\d)-(01|02|03|04|05|06|07|08|09|10|11|12)-(0[1-9]|[1-2]\d|30|31)T([0-1]\d|2[0-4])([0-5]\d)\+([0-1]\d|2[0-4])([0-5]\d)$
YYYY-MM-DD hhmm+hh,^(\d\d\d\d)-(01|02|03|04|05|06|07|08|09|10|11|12)-(0[1-9]|[1-2]\d|30|31) ([0-1]\d|2[0-4])([0-5]\d)\+([0-1]\d|2[0-4])$
YYYY-MM-DDThhmm+hh,^(\d\d\d\d)-(01|02|03|04|05|06|07|08|09|10|11|12)-(0[1-9]|[1-2]\d|30|31)T([0-1]\d|2[0-4])([0-5]\d)\+([0-1]\d|2[0-4])$
YYYY-MM-DD hhmm-hh:mm,^(\d\d\d\d)-(01|02|03|04|05|06|07|08|09|10|11|12)-(0[1-9]|[1-2]\d|30|31) ([0-1]\d|2[0-4])([0-5]\d)\-([0-1]\d|2[0-4]):([0-5]\d)$
YYYY-MM-DDThhmm-hh:mm,^(\d\d\d\d)-(01|02|03|04|05|06|07|08|09|10|11|12)-(0[1-9]|[1-2]\d|30|31)T([0-1]\d|2[0-4])([0-5]\d)\-([0-1]\d|2[0-4]):([0-5]\d)$
YYYY-MM-DD hhmm-hhmm,^(\d\d\d\d)-(01|02|03|04|05|06|07|08|09|10|11|12)-(0[1-9]|[1-2]\d|30|31) ([0-1]\d|2[0-4])([0-5]\d)\-([0-1]\d|2[0-4])([0-5]\d)$
YYYY-MM-DDThhmm-hhmm,^(\d\d\d\d)-(01|02|03|04|05|06|07|08|09|10|11|12)-(0[1-9]|[1-2]\d|30|31)T([0-1]\d|2[0-4])([0-5]\d)\-([0-1]\d|2[0-4])([0-5]\d)$
YYYY-MM-DD hhmm-hh,^(\d\d\d\d)-(01|02|03|04|05|06|07|08|09|10|11|12)-(0[1-9]|[1-2]\d|30|31) ([0-1]\d|2[0-4])([0-5]\d)\-([0-1]\d|2[0-4])$
YYYY-MM-DDThhmm-hh,^(\d\d\d\d)-(01|02|03|04|05|06|07|08|09|10|11|12)-(0[1-9]|[1-2]\d|30|31)T([0-1]\d|2[0-4])([0-5]\d)\-([0-1]\d|2[0-4])$
YYYY-MM-DD hh,^(\d\d\d\d)-(01|02|03|04|05|06|07|08|09|10|11|12)-(0[1-9]|[1-2]\d|30|31) ([0-1]\d|2[0-4])$
YYYY-MM-DDThh,^(\d\d\d\d)-(01|02|03|04|05|06|07|08|09|10|11|12)-(0[1-9]|[1-2]\d|30|31)T([0-1]\d|2[0-4])$
YYYY-MM-DD hhZ,^(\d\d\d\d)-(01|02|03|04|05|06|07|08|09|10|11|12)-(0[1-9]|[1-2]\d|30|31) ([0-1]\d|2[0-4])Z$
YYYY-MM-DDThhZ,^(\d\d\d\d)-(01|02|03|04|05|06|07|08|09|10|11|12)-(0[1-9]|[1-2]\d|30|31)T([0-1]\d|2[0-4])Z$
YYYY-MM-DD hh+hh:mm,^(\d\d\d\d)-(01|02|03|04|05|06|07|08|09|10|11|12)-(0[1-9]|[1-2]\d|30|31) ([0-1]\d|2[0-4])\+([0-1]\d|2[0-4]):([0-5]\d)$
YYYY-MM-DDThh+hh:mm,^(\d\d\d\d)-(01|02|03|04|05|06|07|08|09|10|11|12)-(0[1-9]|[1-2]\d|30|31)T([0-1]\d|2[0-4])\+([0-1]\d|2[0-4]):([0-5]\d)$
YYYY-MM-DD hh+hhmm,^(\d\d\d\d)-(01|02|03|04|05|06|07|08|09|10|11|12)-(0[1-9]|[1-2]\d|30|31) ([0-1]\d|2[0-4])\+([0-1]\d|2[0-4])([0-5]\d)$
YYYY-MM-DDThh+hhmm,^(\d\d\d\d)-(01|02|03|04|05|06|07|08|09|10|11|12)-(0[1-9]|[1-2]\d|30|31)T([0-1]\d|2[0-4])\+([0-1]\d|2[0-4])([0-5]\d)$
YYYY-MM-DD hh+hh,^(\d\d\d\d)-(01|02|03|04|05|06|07|08|09|10|11|12)-(0[1-9]|[1-2]\d|30|31) ([0-1]\d|2[0-4])\+([0-1]\d|2[0-4])$
YYYY-MM-DDThh+hh,^(\d\d\d\d)-(01|02|03|04|05|06|07|08|09|10|11|12)-(0[1-9]|[1-2]\d|30|31)T([0-1]\d|2[0-4])\+([0-1]\d|2[0-4])$
YYYY-MM-DD hh-hh:mm,^(\d\d\d\d)-(01|02|03|04|05|06|07|08|09|10|11|12)-(0[1-9]|[1-2]\d|30|31) ([0-1]\d|2[0-4])\-([0-1]\d|2[0-4]):([0-5]\d)$
YYYY-MM-DDThh-hh:mm,^(\d\d\d\d)-(01|02|03|04|05|06|07|08|09|10|11|12)-(0[1-9]|[1-2]\d|30|31)T([0-1]\d|2[0-4])\-([0-1]\d|2[0-4]):([0-5]\d)$
YYYY-MM-DD hh-hhmm,^(\d\d\d\d)-(01|02|03|04|05|06|07|08|09|10|11|12)-(0[1-9]|[1-2]\d|30|31) ([0-1]\d|2[0-4])\-([0-1]\d|2[0-4])([0-5]\d)$
YYYY-MM-DDThh-hhmm,^(\d\d\d\d)-(01|02|03|04|05|06|07|08|09|10|11|12)-(0[1-9]|[1-2]\d|30|31)T([0-1]\d|2[0-4])\-([0-1]\d|2[0-4])([0-5]\d)$
YYYY-MM-DD hh-hh,^(\d\d\d\d)-(01|02|03|04|05|06|07|08|09|10|11|12)-(0[1-9]|[1-2]\d|30|31) ([0-1]\d|2[0-4])\-([0-1]\d|2[0-4])$
YYYY-MM-DDThh-hh,^(\d\d\d\d)-(01|02|03|04|05|06|07|08|09|10|11|12)-(0[1-9]|[1-2]\d|30|31)T([0-1]\d|2[0-4])\-([0-1]\d|2[0-4])$
YYYY,^(\d\d\d\d)$
YYYYMMDD,^(\d\d\d\d)(01|02|03|04|05|06|07|08|09|10|11|12)(0[1-9]|[1-2]\d|30|31)$
YYYYMMDD hh:mm:ss.sss,^(\d\d\d\d)(01|02|03|04|05|06|07|08|09|10|11|12)(0[1-9]|[1-2]\d|30|31) ([0-1]\d|2[0-4]):([0-5]\d):([0-5]\d)(\.\d\d\d)$
YYYYMMDDThh:mm:ss.sss,^(\d\d\d\d)(01|02|03|04|05|06|07|08|09|10|11|12)(0[1-9]|[1-2]\d|30|31)T([0-1]\d|2[0-4]):([0-5]\d):([0-5]\d)(\.\d\d\d)$
YYYYMMDD hh:mm:ss.sssZ,^(\d\d\d\d)(01|02|03|04|05|06|07|08|09|10|11|12)(0[1-9]|[1-2]\d|30|31) ([0-1]\d|2[0-4]):([0-5]\d):([0-5]\d)(\.\d\d\d)Z$
YYYYMMDDThh:mm:ss.sssZ,^(\d\d\d\d)(01|02|03|04|05|06|07|08|09|10|11|12)(0[1-9]|[1-2]\d|30|31)T([0-1]\d|2[0-4]):([0-5]\d):([0-5]\d)(\.\d\d\d)Z$
YYYYMMDD hh:mm:ss.sss+hh:mm,^(\d\d\d\d)(01|02|03|04|05|06|07|08|09|10|11|12)(0[1-9]|[1-2]\d|30|31) ([0-1]\d|2[0-4]):([0-5]\d):([0-5]\d)(\.\d\d\d)\+([0-1]\d|2[0-4]):([0-5]\d)$
YYYYMMDDThh:mm:ss.sss+hh:mm,^(\d\d\d\d)(01|02|03|04|05|06|07|08|09|10|11|12)(0[1-9]|[1-2]\d|30|31)T([0-1]\d|2[0-4]):([0-5]\d):([0-5]\d)(\.\d\d\d)\+([0-1]\d|2[0-4]):([0-5]\d)$
YYYYMMDD hh:mm:ss.sss+hhmm,^(\d\d\d\d)(01|02|03|04|05|06|07|08|09|10|11|12)(0[1-9]|[1-2]\d|30|31) ([0-1]\d|2[0-4]):([0-5]\d):([0-5]\d)(\.\d\d\d)\+([0-1]\d|2[0-4])([0-5]\d)$
YYYYMMDDThh:mm:ss.sss+hhmm,^(\d\d\d\d)(01|02|03|04|05|06|07|08|09|10|11|12)(0[1-9]|[1-2]\d|30|31)T([0-1]\d|2[0-4]):([0-5]\d):([0-5]\d)(\.\d\d\d)\+([0-1]\d|2[0-4])([0-5]\d)$
YYYYMMDD hh:mm:ss.sss+hh,^(\d\d\d\d)(01|02|03|04|05|06|07|08|09|10|11|12)(0[1-9]|[1-2]\d|30|31) ([0-1]\d|2[0-4]):([0-5]\d):([0-5]\d)(\.\d\d\d)\+([0-1]\d|2[0-4])$
YYYYMMDDThh:mm:ss.sss+hh,^(\d\d\d\d)(01|02|03|04|05|06|07|08|09|10|11|12)(0[1-9]|[1-2]\d|30|31)T([0-1]\d|2[0-4]):([0-5]\d):([0-5]\d)(\.\d\d\d)\+([0-1]\d|2[0-4])$
YYYYMMDD hh:mm:ss.sss-hh:mm,^(\d\d\d\d)(01|02|03|04|05|06|07|08|09|10|11|12)(0[1-9]|[1-2]\d|30|31) ([0-1]\d|2[0-4]):([0-5]\d):([0-5]\d)(\.\d\d\d)\-([0-1]\d|2[0-4]):([0-5]\d)$
YYYYMMDDThh:mm:ss.sss-hh:mm,^(\d\d\d\d)(01|02|03|04|05|06|07|08|09|10|11|12)(0[1-9]|[1-2]\d|30|31)T([0-1]\d|2[0-4]):([0-5]\d):([0-5]\d)(\.\d\d\d)\-([0-1]\d|2[0-4]):([0-5]\d)$
YYYYMMDD hh:mm:ss.sss-hhmm,^(\d\d\d\d)(01|02|03|04|05|06|07|08|09|10|11|12)(0[1-9]|[1-2]\d|30|31) ([0-1]\d|2[0-4]):([0-5]\d):([0-5]\d)(\.\d\d\d)\-([0-1]\d|2[0-4])([0-5]\d)$
YYYYMMDDThh:mm:ss.sss-hhmm,^(\d\d\d\d)(01|02|03|04|05|06|07|08|09|10|11|12)(0[1-9]|[1-2]\d|30|31)T([0-1]\d|2[0-4]):([0-5]\d):([0-5]\d)(\.\d\d\d)\-([0-1]\d|2[0-4])([0-5]\d)$
YYYYMMDD hh:mm:ss.sss-hh,^(\d\d\d\d)(01|02|03|04|05|06|07|08|09|10|11|12)(0[1-9]|[1-2]\d|30|31) ([0-1]\d|2[0-4]):([0-5]\d):([0-5]\d)(\.\d\d\d)\-([0-1]\d|2[0-4])$
YYYYMMDDThh:mm:ss.sss-hh,^(\d\d\d\d)(01|02|03|04|05|06|07|08|09|10|11|12)(0[1-9]|[1-2]\d|30|31)T([0-1]\d|2[0-4]):([0-5]\d):([0-5]\d)(\.\d\d\d)\-([0-1]\d|2[0-4])$
YYYYMMDD hhmmss.sss,^(\d\d\d\d)(01|02|03|04|05|06|07|08|09|10|11|12)(0[1-9]|[1-2]\d|30|31) ([0-1]\d|2[0-4])([0-5]\d)([0-5]\d)(\.\d\d\d)$
YYYYMMDDThhmmss.sss,^(\d\d\d\d)(01|02|03|04|05|06|07|08|09|10|11|12)(0[1-9]|[1-2]\d|30|31)T([0-1]\d|2[0-4])([0-5]\d)([0-5]\d)(\.\d\d\d)$
YYYYMMDD hhmmss.sssZ,^(\d\d\d\d)(01|02|03|04|05|06|07|08|09|10|11|12)(0[1-9]|[1-2]\d|30|31) ([0-1]\d|2[0-4])([0-5]\d)([0-5]\d)(\.\d\d\d)Z$
YYYYMMDDThhmmss.sssZ,^(\d\d\d\d)(01|02|03|04|05|06|07|08|09|10|11|12)(0[1-9]|[1-2]\d|30|31)T([0-1]\d|2[0-4])([0-5]\d)([0-5]\d)(\.\d\d\d)Z$
YYYYMMDD hhmmss.sss+hh:mm,^(\d\d\d\d)(01|02|03|04|05|06|07|08|09|10|11|12)(0[1-9]|[1-2]\d|30|31) ([0-1]\d|2[0-4])([0-5]\d)([0-5]\d)(\.\d\d\d)\+([0-1]\d|2[0-4]):([0-5]\d)$
YYYYMMDDThhmmss.sss+hh:mm,^(\d\d\d\d)(01|02|03|04|05|06|07|08|09|10|11|12)(0[1-9]|[1-2]\d|30|31)T([0-1]\d|2[0-4])([0-5]\d)([0-5]\d)(\.\d\d\d)\+([0-1]\d|2[0-4]):([0-5]\d)$
YYYYMMDD hhmmss.sss+hhmm,^(\d\d\d\d)(01|02|03|04|05|06|07|08|09|10|11|12)(0[1-9]|[1-2]\d|30|31) ([0-1]\d|2[0-4])([0-5]\d)([0-5]\d)(\.\d\d\d)\+([0-1]\d|2[0-4])([0-5]\d)$
YYYYMMDDThhmmss.sss+hhmm,^(\d\d\d\d)(01|02|03|04|05|06|07|08|09|10|11|12)(0[1-9]|[1-2]\d|30|31)T([0-1]\d|2[0-4])([0-5]\d)([0-5]\d)(\.\d\d\d)\+([0-1]\d|2[0-4])([0-5]\d)$
YYYYMMDD hhmmss.sss+hh,^(\d\d\d\d)(01|02|03|04|05|06|07|08|09|10|11|12)(0[1-9]|[1-2]\d|30|31) ([0-1]\d|2[0-4])([0-5]\d)([0-5]\d)(\.\d\d\d)\+([0-1]\d|2[0-4])$
YYYYMMDDThhmmss.sss+hh,^(\d\d\d\d)(01|02|03|04|05|06|07|08|09|10|11|12)(0[1-9]|[1-2]\d|30|31)T([0-1]\d|2[0-4])([0-5]\d)([0-5]\d)(\.\d\d\d)\+([0-1]\d|2[0-4])$
YYYYMMDD hhmmss.sss-hh:mm,^(\d\d\d\d)(01|02|03|04|05|06|07|08|09|10|11|12)(0[1-9]|[1-2]\d|30|31) ([0-1]\d|2[0-4])([0-5]\d)([0-5]\d)(\.\d\d\d)\-([0-1]\d|2[0-4]):([0-5]\d)$
YYYYMMDDThhmmss.sss-hh:mm,^(\d\d\d\d)(01|02|03|04|05|06|07|08|09|10|11|12)(0[1-9]|[1-2]\d|30|31)T([0-1]\d|2[0-4])([0-5]\d)([0-5]\d)(\.\d\d\d)\-([0-1]\d|2[0-4]):([0-5]\d)$
YYYYMMDD hhmmss.sss-hhmm,^(\d\d\d\d)(01|02|03|04|05|06|07|08|09|10|11|12)(0[1-9]|[1-2]\d|30|31) ([0-1]\d|2[0-4])([0-5]\d)([0-5]\d)(\.\d\d\d)\-([0-1]\d|2[0-4])([0-5]\d)$
YYYYMMDDThhmmss.sss-hhmm,^(\d\d\d\d)(01|02|03|04|05|06|07|08|09|10|11|12)(0[1-9]|[1-2]\d|30|31)T([0-1]\d|2[0-4])([0-5]\d)([0-5]\d)(\.\d\d\d)\-([0-1]\d|2[0-4])([0-5]\d)$
YYYYMMDD hhmmss.sss-hh,^(\d\d\d\d)(01|02|03|04|05|06|07|08|09|10|11|12)(0[1-9]|[1-2]\d|30|31) ([0-1]\d|2[0-4])([0-5]\d)([0-5]\d)(\.\d\d\d)\-([0-1]\d|2[0-4])$
YYYYMMDDThhmmss.sss-hh,^(\d\d\d\d)(01|02|03|04|05|06|07|08|09|10|11|12)(0[1-9]|[1-2]\d|30|31)T([0-1]\d|2[0-4])([0-5]\d)([0-5]\d)(\.\d\d\d)\-([0-1]\d|2[0-4])$
YYYYMMDD hh:mm:ss,^(\d\d\d\d)(01|02|03|04|05|06|07|08|09|10|11|12)(0[1-9]|[1-2]\d|30|31) ([0-1]\d|2[0-4]):([0-5]\d):([0-5]\d)$
YYYYMMDDThh:mm:ss,^(\d\d\d\d)(01|02|03|04|05|06|07|08|09|10|11|12)(0[1-9]|[1-2]\d|30|31)T([0-1]\d|2[0-4]):([0-5]\d):([0-5]\d)$
YYYYMMDD hh:mm:ssZ,^(\d\d\d\d)(01|02|03|04|05|06|07|08|09|10|11|12)(0[1-9]|[1-2]\d|30|31) ([0-1]\d|2[0-4]):([0-5]\d):([0-5]\d)Z$
YYYYMMDDThh:mm:ssZ,^(\d\d\d\d)(01|02|03|04|05|06|07|08|09|10|11|12)(0[1-9]|[1-2]\d|30|31)T([0-1]\d|2[0-4]):([0-5]\d):([0-5]\d)Z$
YYYYMMDD hh:mm:ss+hh:mm,^(\d\d\d\d)(01|02|03|04|05|06|07|08|09|10|11|12)(0[1-9]|[1-2]\d|30|31) ([0-1]\d|2[0-4]):([0-5]\d):([0-5]\d)\+([0-1]\d|2[0-4]):([0-5]\d)$
YYYYMMDDThh:mm:ss+hh:mm,^(\d\d\d\d)(01|02|03|04|05|06|07|08|09|10|11|12)(0[1-9]|[1-2]\d|30|31)T([0-1]\d|2[0-4]):([0-5]\d):([0-5]\d)\+([0-1]\d|2[0-4]):([0-5]\d)$
YYYYMMDD hh:mm:ss+hhmm,^(\d\d\d\d)(01|02|03|04|05|06|07|08|09|10|11|12)(0[1-9]|[1-2]\d|30|31) ([0-1]\d|2[0-4]):([0-5]\d):([0-5]\d)\+([0-1]\d|2[0-4])([0-5]\d)$
YYYYMMDDThh:mm:ss+hhmm,^(\d\d\d\d)(01|02|03|04|05|06|07|08|09|10|11|12)(0[1-9]|[1-2]\d|30|31)T([0-1]\d|2[0-4]):([0-5]\d):([0-5]\d)\+([0-1]\d|2[0-4])([0-5]\d)$
YYYYMMDD hh:mm:ss+hh,^(\d\d\d\d)(01|02|03|04|05|06|07|08|09|10|11|12)(0[1-9]|[1-2]\d|30|31) ([0-1]\d|2[0-4]):([0-5]\d):([0-5]\d)\+([0-1]\d|2[0-4])$
YYYYMMDDThh:mm:ss+hh,^(\d\d\d\d)(01|02|03|04|05|06|07|08|09|10|11|12)(0[1-9]|[1-2]\d|30|31)T([0-1]\d|2[0-4]):([0-5]\d):([0-5]\d)\+([0-1]\d|2[0-4])$
YYYYMMDD hh:mm:ss-hh:mm,^(\d\d\d\d)(01|02|03|04|05|06|07|08|09|10|11|12)(0[1-9]|[1-2]\d|30|31) ([0-1]\d|2[0-4]):([0-5]\d):([0-5]\d)\-([0-1]\d|2[0-4]):([0-5]\d)$
YYYYMMDDThh:mm:ss-hh:mm,^(\d\d\d\d)(01|02|03|04|05|06|07|08|09|10|11|12)(0[1-9]|[1-2]\d|30|31)T([0-1]\d|2[0-4]):([0-5]\d):([0-5]\d)\-([0-1]\d|2[0-4]):([0-5]\d)$
YYYYMMDD hh:mm:ss-hhmm,^(\d\d\d\d)(01|02|03|04|05|06|07|08|09|10|11|12)(0[1-9]|[1-2]\d|30|31) ([0-1]\d|2[0-4]):([0-5]\d):([0-5]\d)\-([0-1]\d|2[0-4])([0-5]\d)$
YYYYMMDDThh:mm:ss-hhmm,^(\d\d\d\d)(01|02|03|04|05|06|07|08|09|10|11|12)(0[1-9]|[1-2]\d|30|31)T([0-1]\d|2[0-4]):([0-5]\d):([0-5]\d)\-([0-1]\d|2[0-4])([0-5]\d)$
YYYYMMDD hh:mm:ss-hh,^(\d\d\d\d)(01|02|03|04|05|06|07|08|09|10|11|12)(0[1-9]|[1-2]\d|30|31) ([0-1]\d|2[0-4]):([0-5]\d):([0-5]\d)\-([0-1]\d|2[0-4])$
YYYYMMDDThh:mm:ss-hh,^(\d\d\d\d)(01|02|03|04|05|06|07|08|09|10|11|12)(0[1-9]|[1-2]\d|30|31)T([0-1]\d|2[0-4]):([0-5]\d):([0-5]\d)\-([0-1]\d|2[0-4])$
YYYYMMDD hhmmss,^(\d\d\d\d)(01|02|03|04|05|06|07|08|09|10|11|12)(0[1-9]|[1-2]\d|30|31) ([0-1]\d|2[0-4])([0-5]\d)([0-5]\d)$
YYYYMMDDThhmmss,^(\d\d\d\d)(01|02|03|04|05|06|07|08|09|10|11|12)(0[1-9]|[1-2]\d|30|31)T([0-1]\d|2[0-4])([0-5]\d)([0-5]\d)$
YYYYMMDD hhmmssZ,^(\d\d\d\d)(01|02|03|04|05|06|07|08|09|10|11|12)(0[1-9]|[1-2]\d|30|31) ([0-1]\d|2[0-4])([0-5]\d)([0-5]\d)Z$
YYYYMMDDThhmmssZ,^(\d\d\d\d)(01|02|03|04|05|06|07|08|09|10|11|12)(0[1-9]|[1-2]\d|30|31)T([0-1]\d|2[0-4])([0-5]\d)([0-5]\d)Z$
YYYYMMDD hhmmss+hh:mm,^(\d\d\d\d)(01|02|03|04|05|06|07|08|09|10|11|12)(0[1-9]|[1-2]\d|30|31) ([0-1]\d|2[0-4])([0-5]\d)([0-5]\d)\+([0-1]\d|2[0-4]):([0-5]\d)$
YYYYMMDDThhmmss+hh:mm,^(\d\d\d\d)(01|02|03|04|05|06|07|08|09|10|11|12)(0[1-9]|[1-2]\d|30|31)T([0-1]\d|2[0-4])([0-5]\d)([0-5]\d)\+([0-1]\d|2[0-4]):([0-5]\d)$
YYYYMMDD hhmmss+hhmm,^(\d\d\d\d)(01|02|03|04|05|06|07|08|09|10|11|12)(0[1-9]|[1-2]\d|30|31) ([0-1]\d|2[0-4])([0-5]\d)([0-5]\d)\+([0-1]\d|2[0-4])([0-5]\d)$
YYYYMMDDThhmmss+hhmm,^(\d\d\d\d)(01|02|03|04|05|06|07|08|09|10|11|12)(0[1-9]|[1-2]\d|30|31)T([0-1]\d|2[0-4])([0-5]\d)([0-5]\d)\+([0-1]\d|2[0-4])([0-5]\d)$
YYYYMMDD hhmmss+hh,^(\d\d\d\d)(01|02|03|04|05|06|07|08|09|10|11|12)(0[1-9]|[1-2]\d|30|31) ([0-1]\d|2[0-4])([0-5]\d)([0-5]\d)\+([0-1]\d|2[0-4])$
YYYYMMDDThhmmss+hh,^(\d\d\d\d)(01|02|03|04|05|06|07|08|09|10|11|12)(0[1-9]|[1-2]\d|30|31)T([0-1]\d|2[0-4])([0-5]\d)([0-5]\d)\+([0-1]\d|2[0-4])$
YYYYMMDD hhmmss-hh:mm,^(\d\d\d\d)(01|02|03|04|05|06|07|08|09|10|11|12)(0[1-9]|[1-2]\d|30|31) ([0-1]\d|2[0-4])([0-5]\d)([0-5]\d)\-([0-1]\d|2[0-4]):([0-5]\d)$
YYYYMMDDThhmmss-hh:mm,^(\d\d\d\d)(01|02|03|04|05|06|07|08|09|10|11|12)(0[1-9]|[1-2]\d|30|31)T([0-1]\d|2[0-4])([0-5]\d)([0-5]\d)\-([0-1]\d|2[0-4]):([0-5]\d)$
YYYYMMDD hhmmss-hhmm,^(\d\d\d\d)(01|02|03|04|05|06|07|08|09|10|11|12)(0[1-9]|[1-2]\d|30|31) ([0-1]\d|2[0-4])([0-5]\d)([0-5]\d)\-([0-1]\d|2[0-4])([0-5]\d)$
YYYYMMDDThhmmss-hhmm,^(\d\d\d\d)(01|02|03|04|05|06|07|08|09|10|11|12)(0[1-9]|[1-2]\d|30|31)T([0-1]\d|2[0-4])([0-5]\d)([0-5]\d)\-([0-1]\d|2[0-4])([0-5]\d)$
YYYYMMDD hhmmss-hh,^(\d\d\d\d)(01|02|03|04|05|06|07|08|09|10|11|12)(0[1-9]|[1-2]\d|30|31) ([0-1]\d|2[0-4])([0-5]\d)([0-5]\d)\-([0-1]\d|2[0-4])$
YYYYMMDDThhmmss-hh,^(\d\d\d\d)(01|02|03|04|05|06|07|08|09|10|11|12)(0[1-9]|[1-2]\d|30|31)T([0-1]\d|2[0-4])([0-5]\d)([0-5]\d)\-([0-1]\d|2[0-4])$
YYYYMMDD hh:mm,^(\d\d\d\d)(01|02|03|04|05|06|07|08|09|10|11|12)(0[1-9]|[1-2]\d|30|31) ([0-1]\d|2[0-4]):([0-5]\d)$
YYYYMMDDThh:mm,^(\d\d\d\d)(01|02|03|04|05|06|07|08|09|10|11|12)(0[1-9]|[1-2]\d|30|31)T([0-1]\d|2[0-4]):([0-5]\d)$
YYYYMMDD hh:mmZ,^(\d\d\d\d)(01|02|03|04|05|06|07|08|09|10|11|12)(0[1-9]|[1-2]\d|30|31) ([0-1]\d|2[0-4]):([0-5]\d)Z$
YYYYMMDDThh:mmZ,^(\d\d\d\d)(01|02|03|04|05|06|07|08|09|10|11|12)(0[1-9]|[1-2]\d|30|31)T([0-1]\d|2[0-4]):([0-5]\d)Z$
YYYYMMDD hh:mm+hh:mm,^(\d\d\d\d)(01|02|03|04|05|06|07|08|09|10|11|12)(0[1-9]|[1-2]\d|30|31) ([0-1]\d|2[0-4]):([0-5]\d)\+([0-1]\d|2[0-4]):([0-5]\d)$
YYYYMMDDThh:mm+hh:mm,^(\d\d\d\d)(01|02|03|04|05|06|07|08|09|10|11|12)(0[1-9]|[1-2]\d|30|31)T([0-1]\d|2[0-4]):([0-5]\d)\+([0-1]\d|2[0-4]):([0-5]\d)$
YYYYMMDD hh:mm+hhmm,^(\d\d\d\d)(01|02|03|04|05|06|07|08|09|10|11|12)(0[1-9]|[1-2]\d|30|31) ([0-1]\d|2[0-4]):([0-5]\d)\+([0-1]\d|2[0-4])([0-5]\d)$
YYYYMMDDThh:mm+hhmm,^(\d\d\d\d)(01|02|03|04|05|06|07|08|09|10|11|12)(0[1-9]|[1-2]\d|30|31)T([0-1]\d|2[0-4]):([0-5]\d)\+([0-1]\d|2[0-4])([0-5]\d)$
YYYYMMDD hh:mm+hh,^(\d\d\d\d)(01|02|03|04|05|06|07|08|09|10|11|12)(0[1-9]|[1-2]\d|30|31) ([0-1]\d|2[0-4]):([0-5]\d)\+([0-1]\d|2[0-4])$
YYYYMMDDThh:mm+hh,^(\d\d\d\d)(01|02|03|04|05|06|07|08|09|10|11|12)(0[1-9]|[1-2]\d|30|31)T([0-1]\d|2[0-4]):([0-5]\d)\+([0-1]\d|2[0-4])$
YYYYMMDD hh:mm-hh:mm,^(\d\d\d\d)(01|02|03|04|05|06|07|08|09|10|11|12)(0[1-9]|[1-2]\d|30|31) ([0-1]\d|2[0-4]):([0-5]\d)\-([0-1]\d|2[0-4]):([0-5]\d)$
YYYYMMDDThh:mm-hh:mm,^(\d\d\d\d)(01|02|03|04|05|06|07|08|09|10|11|12)(0[1-9]|[1-2]\d|30|31)T([0-1]\d|2[0-4]):([0-5]\d)\-([0-1]\d|2[0-4]):([0-5]\d)$
YYYYMMDD hh:mm-hhmm,^(\d\d\d\d)(01|02|03|04|05|06|07|08|09|10|11|12)(0[1-9]|[1-2]\d|30|31) ([0-1]\d|2[0-4]):([0-5]\d)\-([0-1]\d|2[0-4])([0-5]\d)$
YYYYMMDDThh:mm-hhmm,^(\d\d\d\d)(01|02|03|04|05|06|07|08|09|10|11|12)(0[1-9]|[1-2]\d|30|31)T([0-1]\d|2[0-4]):([0-5]\d)\-([0-1]\d|2[0-4])([0-5]\d)$
YYYYMMDD hh:mm-hh,^(\d\d\d\d)(01|02|03|04|05|06|07|08|09|10|11|12)(0[1-9]|[1-2]\d|30|31) ([0-1]\d|2[0-4]):([0-5]\d)\-([0-1]\d|2[0-4])$
YYYYMMDDThh:mm-hh,^(\d\d\d\d)(01|02|03|04|05|06|07|08|09|10|11|12)(0[1-9]|[1-2]\d|30|31)T([0-1]\d|2[0-4]):([0-5]\d)\-([0-1]\d|2[0-4])$
YYYYMMDD hhmm,^(\d\d\d\d)(01|02|03|04|05|06|07|08|09|10|11|12)(0[1-9]|[1-2]\d|30|31) ([0-1]\d|2[0-4])([0-5]\d)$
YYYYMMDDThhmm,^(\d\d\d\d)(01|02|03|04|05|06|07|08|09|10|11|12)(0[1-9]|[1-2]\d|30|31)T([0-1]\d|2[0-4])([0-5]\d)$
YYYYMMDD hhmmZ,^(\d\d\d\d)(01|02|03|04|05|06|07|08|09|10|11|12)(0[1-9]|[1-2]\d|30|31) ([0-1]\d|2[0-4])([0-5]\d)Z$
YYYYMMDDThhmmZ,^(\d\d\d\d)(01|02|03|04|05|06|07|08|09|10|11|12)(0[1-9]|[1-2]\d|30|31)T([0-1]\d|2[0-4])([0-5]\d)Z$
YYYYMMDD hhmm+hh:mm,^(\d\d\d\d)(01|02|03|04|05|06|07|08|09|10|11|12)(0[1-9]|[1-2]\d|30|31) ([0-1]\d|2[0-4])([0-5]\d)\+([0-1]\d|2[0-4]):([0-5]\d)$
YYYYMMDDThhmm+hh:mm,^(\d\d\d\d)(01|02|03|04|05|06|07|08|09|10|11|12)(0[1-9]|[1-2]\d|30|31)T([0-1]\d|2[0-4])([0-5]\d)\+([0-1]\d|2[0-4]):([0-5]\d)$
YYYYMMDD hhmm+hhmm,^(\d\d\d\d)(01|02|03|04|05|06|07|08|09|10|11|12)(0[1-9]|[1-2]\d|30|31) ([0-1]\d|2[0-4])([0-5]\d)\+([0-1]\d|2[0-4])([0-5]\d)$
YYYYMMDDThhmm+hhmm,^(\d\d\d\d)(01|02|03|04|05|06|07|08|09|10|11|12)(0[1-9]|[1-2]\d|30|31)T([0-1]\d|2[0-4])([0-5]\d)\+([0-1]\d|2[0-4])([0-5]\d)$
YYYYMMDD hhmm+hh,^(\d\d\d\d)(01|02|03|04|05|06|07|08|09|10|11|12)(0[1-9]|[1-2]\d|30|31) ([0-1]\d|2[0-4])([0-5]\d)\+([0-1]\d|2[0-4])$
YYYYMMDDThhmm+hh,^(\d\d\d\d)(01|02|03|04|05|06|07|08|09|10|11|12)(0[1-9]|[1-2]\d|30|31)T([0-1]\d|2[0-4])([0-5]\d)\+([0-1]\d|2[0-4])$
YYYYMMDD hhmm-hh:mm,^(\d\d\d\d)(01|02|03|04|05|06|07|08|09|10|11|12)(0[1-9]|[1-2]\d|30|31) ([0-1]\d|2[0-4])([0-5]\d)\-([0-1]\d|2[0-4]):([0-5]\d)$
YYYYMMDDThhmm-hh:mm,^(\d\d\d\d)(01|02|03|04|05|06|07|08|09|10|11|12)(0[1-9]|[1-2]\d|30|31)T([0-1]\d|2[0-4])([0-5]\d)\-([0-1]\d|2[0-4]):([0-5]\d)$
YYYYMMDD hhmm-hhmm,^(\d\d\d\d)(01|02|03|04|05|06|07|08|09|10|11|12)(0[1-9]|[1-2]\d|30|31) ([0-1]\d|2[0-4])([0-5]\d)\-([0-1]\d|2[0-4])([0-5]\d)$
YYYYMMDDThhmm-hhmm,^(\d\d\d\d)(01|02|03|04|05|06|07|08|09|10|11|12)(0[1-9]|[1-2]\d|30|31)T([0-1]\d|2[0-4])([0-5]\d)\-([0-1]\d|2[0-4])([0-5]\d)$
YYYYMMDD hhmm-hh,^(\d\d\d\d)(01|02|03|04|05|06|07|08|09|10|11|12)(0[1-9]|[1-2]\d|30|31) ([0-1]\d|2[0-4])([0-5]\d)\-([0-1]\d|2[0-4])$
YYYYMMDDThhmm-hh,^(\d\d\d\d)(01|02|03|04|05|06|07|08|09|10|11|12)(0[1-9]|[1-2]\d|30|31)T([0-1]\d|2[0-4])([0-5]\d)\-([0-1]\d|2[0-4])$
YYYYMMDD hh,^(\d\d\d\d)(01|02|03|04|05|06|07|08|09|10|11|12)(0[1-9]|[1-2]\d|30|31) ([0-1]\d|2[0-4])$
YYYYMMDDThh,^(\d\d\d\d)(01|02|03|04|05|06|07|08|09|10|11|12)(0[1-9]|[1-2]\d|30|31)T([0-1]\d|2[0-4])$
YYYYMMDD hhZ,^(\d\d\d\d)(01|02|03|04|05|06|07|08|09|10|11|12)(0[1-9]|[1-2]\d|30|31) ([0-1]\d|2[0-4])Z$
YYYYMMDDThhZ,^(\d\d\d\d)(01|02|03|04|05|06|07|08|09|10|11|12)(0[1-9]|[1-2]\d|30|31)T([0-1]\d|2[0-4])Z$
YYYYMMDD hh+hh:mm,^(\d\d\d\d)(01|02|03|04|05|06|07|08|09|10|11|12)(0[1-9]|[1-2]\d|30|31) ([0-1]\d|2[0-4])\+([0-1]\d|2[0-4]):([0-5]\d)$
YYYYMMDDThh+hh:mm,^(\d\d\d\d)(01|02|03|04|05|06|07|08|09|10|11|12)(0[1-9]|[1-2]\d|30|31)T([0-1]\d|2[0-4])\+([0-1]\d|2[0-4]):([0-5]\d)$
YYYYMMDD hh+hhmm,^(\d\d\d\d)(01|02|03|04|05|06|07|08|09|10|11|12)(0[1-9]|[1-2]\d|30|31) ([0-1]\d|2[0-4])\+([0-1]\d|2[0-4])([0-5]\d)$
YYYYMMDDThh+hhmm,^(\d\d\d\d)(01|02|03|04|05|06|07|08|09|10|11|12)(0[1-9]|[1-2]\d|30|31)T([0-1]\d|2[0-4])\+([0-1]\d|2[0-4])([0-5]\d)$
YYYYMMDD hh+hh,^(\d\d\d\d)(01|02|03|04|05|06|07|08|09|10|11|12)(0[1-9]|[1-2]\d|30|31) ([0-1]\d|2[0-4])\+([0-1]\d|2[0-4])$
YYYYMMDDThh+hh,^(\d\d\d\d)(01|02|03|04|05|06|07|08|09|10|11|12)(0[1-9]|[1-2]\d|30|31)T([0-1]\d|2[0-4])\+([0-1]\d|2[0-4])$
YYYYMMDD hh-hh:mm,^(\d\d\d\d)(01|02|03|04|05|06|07|08|09|10|11|12)(0[1-9]|[1-2]\d|30|31) ([0-1]\d|2[0-4])\-([0-1]\d|2[0-4]):([0-5]\d)$
YYYYMMDDThh-hh:mm,^(\d\d\d\d)(01|02|03|04|05|06|07|08|09|10|11|12)(0[1-9]|[1-2]\d|30|31)T([0-1]\d|2[0-4])\-([0-1]\d|2[0-4]):([0-5]\d)$
YYYYMMDD hh-hhmm,^(\d\d\d\d)(01|02|03|04|05|06|07|08|09|10|11|12)(0[1-9]|[1-2]\d|30|31) ([0-1]\d|2[0-4])\-([0-1]\d|2[0-4])([0-5]\d)$
YYYYMMDDThh-hhmm,^(\d\d\d\d)(01|02|03|04|05|06|07|08|09|10|11|12)(0[1-9]|[1-2]\d|30|31)T([0-1]\d|2[0-4])\-([0-1]\d|2[0-4])([0-5]\d)$
YYYYMMDD hh-hh,^(\d\d\d\d)(01|02|03|04|05|06|07|08|09|10|11|12)(0[1-9]|[1-2]\d|30|31) ([0-1]\d|2[0-4])\-([0-1]\d|2[0-4])$
YYYYMMDDThh-hh,^(\d\d\d\d)(01|02|03|04|05|06|07|08|09|10|11|12)(0[1-9]|[1-2]\d|30|31)T([0-1]\d|2[0-4])\-([0-1]\d|2[0-4])$
YYYY-MM,^(\d\d\d\d)-(01|02|03|04|05|06|07|08|09|10|11|12)$
YYYYMM,^(\d\d\d\d)(01|02|03|04|05|06|07|08|09|10|11|12)$
YYYY-DDD,^(\d\d\d\d)-[0-3]\d\d$
YYYY-DDD hh:mm:ss.sss,^(\d\d\d\d)-[0-3]\d\d ([0-1]\d|2[0-4]):([0-5]\d):([0-5]\d)(\.\d\d\d)$
YYYY-DDDThh:mm:ss.sss,^(\d\d\d\d)-[0-3]\d\dT([0-1]\d|2[0-4]):([0-5]\d):([0-5]\d)(\.\d\d\d)$
YYYY-DDD hh:mm:ss.sssZ,^(\d\d\d\d)-[0-3]\d\d ([0-1]\d|2[0-4]):([0-5]\d):([0-5]\d)(\.\d\d\d)Z$
YYYY-DDDThh:mm:ss.sssZ,^(\d\d\d\d)-[0-3]\d\dT([0-1]\d|2[0-4]):([0-5]\d):([0-5]\d)(\.\d\d\d)Z$
YYYY-DDD hh:mm:ss.sss+hh:mm,^(\d\d\d\d)-[0-3]\d\d ([0-1]\d|2[0-4]):([0-5]\d):([0-5]\d)(\.\d\d\d)\+([0-1]\d|2[0-4]):([0-5]\d)$
YYYY-DDDThh:mm:ss.sss+hh:mm,^(\d\d\d\d)-[0-3]\d\dT([0-1]\d|2[0-4]):([0-5]\d):([0-5]\d)(\.\d\d\d)\+([0-1]\d|2[0-4]):([0-5]\d)$
YYYY-DDD hh:mm:ss.sss+hhmm,^(\d\d\d\d)-[0-3]\d\d ([0-1]\d|2[0-4]):([0-5]\d):([0-5]\d)(\.\d\d\d)\+([0-1]\d|2[0-4])([0-5]\d)$
YYYY-DDDThh:mm:ss.sss+hhmm,^(\d\d\d\d)-[0-3]\d\dT([0-1]\d|2[0-4]):([0-5]\d):([0-5]\d)(\.\d\d\d)\+([0-1]\d|2[0-4])([0-5]\d)$
YYYY-DDD hh:mm:ss.sss+hh,^(\d\d\d\d)-[0-3]\d\d ([0-1]\d|2[0-4]):([0-5]\d):([0-5]\d)(\.\d\d\d)\+([0-1]\d|2[0-4])$
YYYY-DDDThh:mm:ss.sss+hh,^(\d\d\d\d)-[0-3]\d\dT([0-1]\d|2[0-4]):([0-5]\d):([0-5]\d)(\.\d\d\d)\+([0-1]\d|2[0-4])$
YYYY-DDD hh:mm:ss.sss-hh:mm,^(\d\d\d\d)-[0-3]\d\d ([0-1]\d|2[0-4]):([0-5]\d):([0-5]\d)(\.\d\d\d)\-([0-1]\d|2[0-4]):([0-5]\d)$
YYYY-DDDThh:mm:ss.sss-hh:mm,^(\d\d\d\d)-[0-3]\d\dT([0-1]\d|2[0-4]):([0-5]\d):([0-5]\d)(\.\d\d\d)\-([0-1]\d|2[0-4]):([0-5]\d)$
YYYY-DDD hh:mm:ss.sss-hhmm,^(\d\d\d\d)-[0-3]\d\d ([0-1]\d|2[0-4]):([0-5]\d):([0-5]\d)(\.\d\d\d)\-([0-1]\d|2[0-4])([0-5]\d)$
YYYY-DDDThh:mm:ss.sss-hhmm,^(\d\d\d\d)-[0-3]\d\dT([0-1]\d|2[0-4]):([0-5]\d):([0-5]\d)(\.\d\d\d)\-([0-1]\d|2[0-4])([0-5]\d)$
YYYY-DDD hh:mm:ss.sss-hh,^(\d\d\d\d)-[0-3]\d\d ([0-1]\d|2[0-4]):([0-5]\d):([0-5]\d)(\.\d\d\d)\-([0-1]\d|2[0-4])$
YYYY-DDDThh:mm:ss.sss-hh,^(\d\d\d\d)-[0-3]\d\dT([0-1]\d|2[0-4]):([0-5]\d):([0-5]\d)(\.\d\d\d)\-([0-1]\d|2[0-4])$
YYYY-DDD hhmmss.sss,^(\d\d\d\d)-[0-3]\d\d ([0-1]\d|2[0-4])([0-5]\d)([0-5]\d)(\.\d\d\d)$
YYYY-DDDThhmmss.sss,^(\d\d\d\d)-[0-3]\d\dT([0-1]\d|2[0-4])([0-5]\d)([0-5]\d)(\.\d\d\d)$
YYYY-DDD hhmmss.sssZ,^(\d\d\d\d)-[0-3]\d\d ([0-1]\d|2[0-4])([0-5]\d)([0-5]\d)(\.\d\d\d)Z$
YYYY-DDDThhmmss.sssZ,^(\d\d\d\d)-[0-3]\d\dT([0-1]\d|2[0-4])([0-5]\d)([0-5]\d)(\.\d\d\d)Z$
YYYY-DDD hhmmss.sss+hh:mm,^(\d\d\d\d)-[0-3]\d\d ([0-1]\d|2[0-4])([0-5]\d)([0-5]\d)(\.\d\d\d)\+([0-1]\d|2[0-4]):([0-5]\d)$
YYYY-DDDThhmmss.sss+hh:mm,^(\d\d\d\d)-[0-3]\d\dT([0-1]\d|2[0-4])([0-5]\d)([0-5]\d)(\.\d\d\d)\+([0-1]\d|2[0-4]):([0-5]\d)$
YYYY-DDD hhmmss.sss+hhmm,^(\d\d\d\d)-[0-3]\d\d ([0-1]\d|2[0-4])([0-5]\d)([0-5]\d)(\.\d\d\d)\+([0-1]\d|2[0-4])([0-5]\d)$
YYYY-DDDThhmmss.sss+hhmm,^(\d\d\d\d)-[0-3]\d\dT([0-1]\d|2[0-4])([0-5]\d)([0-5]\d)(\.\d\d\d)\+([0-1]\d|2[0-4])([0-5]\d)$
YYYY-DDD hhmmss.sss+hh,^(\d\d\d\d)-[0-3]\d\d ([0-1]\d|2[0-4])([0-5]\d)([0-5]\d)(\.\d\d\d)\+([0-1]\d|2[0-4])$
YYYY-DDDThhmmss.sss+hh,^(\d\d\d\d)-[0-3]\d\dT([0-1]\d|2[0-4])([0-5]\d)([0-5]\d)(\.\d\d\d)\+([0-1]\d|2[0-4])$
YYYY-DDD hhmmss.sss-hh:mm,^(\d\d\d\d)-[0-3]\d\d ([0-1]\d|2[0-4])([0-5]\d)([0-5]\d)(\.\d\d\d)\-([0-1]\d|2[0-4]):([0-5]\d)$
YYYY-DDDThhmmss.sss-hh:mm,^(\d\d\d\d)-[0-3]\d\dT([0-1]\d|2[0-4])([0-5]\d)([0-5]\d)(\.\d\d\d)\-([0-1]\d|2[0-4]):([0-5]\d)$
YYYY-DDD hhmmss.sss-hhmm,^(\d\d\d\d)-[0-3]\d\d ([0-1]\d|2[0-4])([0-5]\d)([0-5]\d)(\.\d\d\d)\-([0-1]\d|2[0-4])([0-5]\d)$
YYYY-DDDThhmmss.sss-hhmm,^(\d\d\d\d)-[0-3]\d\dT([0-1]\d|2[0-4])([0-5]\d)([0-5]\d)(\.\d\d\d)\-([0-1]\d|2[0-4])([0-5]\d)$
YYYY-DDD hhmmss.sss-hh,^(\d\d\d\d)-[0-3]\d\d ([0-1]\d|2[0-4])([0-5]\d)([0-5]\d)(\.\d\d\d)\-([0-1]\d|2[0-4])$
YYYY-DDDThhmmss.sss-hh,^(\d\d\d\d)-[0-3]\d\dT([0-1]\d|2[0-4])([0-5]\d)([0-5]\d)(\.\d\d\d)\-([0-1]\d|2[0-4])$
YYYY-DDD hh:mm:ss,^(\d\d\d\d)-[0-3]\d\d ([0-1]\d|2[0-4]):([0-5]\d):([0-5]\d)$
YYYY-DDDThh:mm:ss,^(\d\d\d\d)-[0-3]\d\dT([0-1]\d|2[0-4]):([0-5]\d):([0-5]\d)$
YYYY-DDD hh:mm:ssZ,^(\d\d\d\d)-[0-3]\d\d ([0-1]\d|2[0-4]):([0-5]\d):([0-5]\d)Z$
YYYY-DDDThh:mm:ssZ,^(\d\d\d\d)-[0-3]\d\dT([0-1]\d|2[0-4]):([0-5]\d):([0-5]\d)Z$
YYYY-DDD hh:mm:ss+hh:mm,^(\d\d\d\d)-[0-3]\d\d ([0-1]\d|2[0-4]):([0-5]\d):([0-5]\d)\+([0-1]\d|2[0-4]):([0-5]\d)$
YYYY-DDDThh:mm:ss+hh:mm,^(\d\d\d\d)-[0-3]\d\dT([0-1]\d|2[0-4]):([0-5]\d):([0-5]\d)\+([0-1]\d|2[0-4]):([0-5]\d)$
YYYY-DDD hh:mm:ss+hhmm,^(\d\d\d\d)-[0-3]\d\d ([0-1]\d|2[0-4]):([0-5]\d):([0-5]\d)\+([0-1]\d|2[0-4])([0-5]\d)$
YYYY-DDDThh:mm:ss+hhmm,^(\d\d\d\d)-[0-3]\d\dT([0-1]\d|2[0-4]):([0-5]\d):([0-5]\d)\+([0-1]\d|2[0-4])([0-5]\d)$
YYYY-DDD hh:mm:ss+hh,^(\d\d\d\d)-[0-3]\d\d ([0-1]\d|2[0-4]):([0-5]\d):([0-5]\d)\+([0-1]\d|2[0-4])$
YYYY-DDDThh:mm:ss+hh,^(\d\d\d\d)-[0-3]\d\dT([0-1]\d|2[0-4]):([0-5]\d):([0-5]\d)\+([0-1]\d|2[0-4])$
YYYY-DDD hh:mm:ss-hh:mm,^(\d\d\d\d)-[0-3]\d\d ([0-1]\d|2[0-4]):([0-5]\d):([0-5]\d)\-([0-1]\d|2[0-4]):([0-5]\d)$
YYYY-DDDThh:mm:ss-hh:mm,^(\d\d\d\d)-[0-3]\d\dT([0-1]\d|2[0-4]):([0-5]\d):([0-5]\d)\-([0-1]\d|2[0-4]):([0-5]\d)$
YYYY-DDD hh:mm:ss-hhmm,^(\d\d\d\d)-[0-3]\d\d ([0-1]\d|2[0-4]):([0-5]\d):([0-5]\d)\-([0-1]\d|2[0-4])([0-5]\d)$
YYYY-DDDThh:mm:ss-hhmm,^(\d\d\d\d)-[0-3]\d\dT([0-1]\d|2[0-4]):([0-5]\d):([0-5]\d)\-([0-1]\d|2[0-4])([0-5]\d)$
YYYY-DDD hh:mm:ss-hh,^(\d\d\d\d)-[0-3]\d\d ([0-1]\d|2[0-4]):([0-5]\d):([0-5]\d)\-([0-1]\d|2[0-4])$
YYYY-DDDThh:mm:ss-hh,^(\d\d\d\d)-[0-3]\d\dT([0-1]\d|2[0-4]):([0-5]\d):([0-5]\d)\-([0-1]\d|2[0-4])$
YYYY-DDD hhmmss,^(\d\d\d\d)-[0-3]\d\d ([0-1]\d|2[0-4])([0-5]\d)([0-5]\d)$
YYYY-DDDThhmmss,^(\d\d\d\d)-[0-3]\d\dT([0-1]\d|2[0-4])([0-5]\d)([0-5]\d)$
YYYY-DDD hhmmssZ,^(\d\d\d\d)-[0-3]\d\d ([0-1]\d|2[0-4])([0-5]\d)([0-5]\d)Z$
YYYY-DDDThhmmssZ,^(\d\d\d\d)-[0-3]\d\dT([0-1]\d|2[0-4])([0-5]\d)([0-5]\d)Z$
YYYY-DDD hhmmss+hh:mm,^(\d\d\d\d)-[0-3]\d\d ([0-1]\d|2[0-4])([0-5]\d)([0-5]\d)\+([0-1]\d|2[0-4]):([0-5]\d)$
YYYY-DDDThhmmss+hh:mm,^(\d\d\d\d)-[0-3]\d\dT([0-1]\d|2[0-4])([0-5]\d)([0-5]\d)\+([0-1]\d|2[0-4]):([0-5]\d)$
YYYY-DDD hhmmss+hhmm,^(\d\d\d\d)-[0-3]\d\d ([0-1]\d|2[0-4])([0-5]\d)([0-5]\d)\+([0-1]\d|2[0-4])([0-5]\d)$
YYYY-DDDThhmmss+hhmm,^(\d\d\d\d)-[0-3]\d\dT([0-1]\d|2[0-4])([0-5]\d)([0-5]\d)\+([0-1]\d|2[0-4])([0-5]\d)$
YYYY-DDD hhmmss+hh,^(\d\d\d\d)-[0-3]\d\d ([0-1]\d|2[0-4])([0-5]\d)([0-5]\d)\+([0-1]\d|2[0-4])$
YYYY-DDDThhmmss+hh,^(\d\d\d\d)-[0-3]\d\dT([0-1]\d|2[0-4])([0-5]\d)([0-5]\d)\+([0-1]\d|2[0-4])$
YYYY-DDD hhmmss-hh:mm,^(\d\d\d\d)-[0-3]\d\d ([0-1]\d|2[0-4])([0-5]\d)([0-5]\d)\-([0-1]\d|2[0-4]):([0-5]\d)$
YYYY-DDDThhmmss-hh:mm,^(\d\d\d\d)-[0-3]\d\dT([0-1]\d|2[0-4])([0-5]\d)([0-5]\d)\-([0-1]\d|2[0-4]):([0-5]\d)$
YYYY-DDD hhmmss-hhmm,^(\d\d\d\d)-[0-3]\d\d ([0-1]\d|2[0-4])([0-5]\d)([0-5]\d)\-([0-1]\d|2[0-4])([0-5]\d)$
YYYY-DDDThhmmss-hhmm,^(\d\d\d\d)-[0-3]\d\dT([0-1]\d|2[0-4])([0-5]\d)([0-5]\d)\-([0-1]\d|2[0-4])([0-5]\d)$
YYYY-DDD hhmmss-hh,^(\d\d\d\d)-[0-3]\d\d ([0-1]\d|2[0-4])([0-5]\d)([0-5]\d)\-([0-1]\d|2[0-4])$
YYYY-DDDThhmmss-hh,^(\d\d\d\d)-[0-3]\d\dT([0-1]\d|2[0-4])([0-5]\d)([0-5]\d)\-([0-1]\d|2[0-4])$
YYYY-DDD hh:mm,^(\d\d\d\d)-[0-3]\d\d ([0-1]\d|2[0-4]):([0-5]\d)$
YYYY-DDDThh:mm,^(\d\d\d\d)-[0-3]\d\dT([0-1]\d|2[0-4]):([0-5]\d)$
YYYY-DDD hh:mmZ,^(\d\d\d\d)-[0-3]\d\d ([0-1]\d|2[0-4]):([0-5]\d)Z$
YYYY-DDDThh:mmZ,^(\d\d\d\d)-[0-3]\d\dT([0-1]\d|2[0-4]):([0-5]\d)Z$
YYYY-DDD hh:mm+hh:mm,^(\d\d\d\d)-[0-3]\d\d ([0-1]\d|2[0-4]):([0-5]\d)\+([0-1]\d|2[0-4]):([0-5]\d)$
YYYY-DDDThh:mm+hh:mm,^(\d\d\d\d)-[0-3]\d\dT([0-1]\d|2[0-4]):([0-5]\d)\+([0-1]\d|2[0-4]):([0-5]\d)$
YYYY-DDD hh:mm+hhmm,^(\d\d\d\d)-[0-3]\d\d ([0-1]\d|2[0-4]):([0-5]\d)\+([0-1]\d|2[0-4])([0-5]\d)$
YYYY-DDDThh:mm+hhmm,^(\d\d\d\d)-[0-3]\d\dT([0-1]\d|2[0-4]):([0-5]\d)\+([0-1]\d|2[0-4])([0-5]\d)$
YYYY-DDD hh:mm+hh,^(\d\d\d\d)-[0-3]\d\d ([0-1]\d|2[0-4]):([0-5]\d)\+([0-1]\d|2[0-4])$
YYYY-DDDThh:mm+hh,^(\d\d\d\d)-[0-3]\d\dT([0-1]\d|2[0-4]):([0-5]\d)\+([0-1]\d|2[0-4])$
YYYY-DDD hh:mm-hh:mm,^(\d\d\d\d)-[0-3]\d\d ([0-1]\d|2[0-4]):([0-5]\d)\-([0-1]\d|2[0-4]):([0-5]\d)$
YYYY-DDDThh:mm-hh:mm,^(\d\d\d\d)-[0-3]\d\dT([0-1]\d|2[0-4]):([0-5]\d)\-([0-1]\d|2[0-4]):([0-5]\d)$
YYYY-DDD hh:mm-hhmm,^(\d\d\d\d)-[0-3]\d\d ([0-1]\d|2[0-4]):([0-5]\d)\-([0-1]\d|2[0-4])([0-5]\d)$
YYYY-DDDThh:mm-hhmm,^(\d\d\d\d)-[0-3]\d\dT([0-1]\d|2[0-4]):([0-5]\d)\-([0-1]\d|2[0-4])([0-5]\d)$
YYYY-DDD hh:mm-hh,^(\d\d\d\d)-[0-3]\d\d ([0-1]\d|2[0-4]):([0-5]\d)\-([0-1]\d|2[0-4])$
YYYY-DDDThh:mm-hh,^(\d\d\d\d)-[0-3]\d\dT([0-1]\d|2[0-4]):([0-5]\d)\-([0-1]\d|2[0-4])$
YYYY-DDD hhmm,^(\d\d\d\d)-[0-3]\d\d ([0-1]\d|2[0-4])([0-5]\d)$
YYYY-DDDThhmm,^(\d\d\d\d)-[0-3]\d\dT([0-1]\d|2[0-4])([0-5]\d)$
YYYY-DDD hhmmZ,^(\d\d\d\d)-[0-3]\d\d ([0-1]\d|2[0-4])([0-5]\d)Z$
YYYY-DDDThhmmZ,^(\d\d\d\d)-[0-3]\d\dT([0-1]\d|2[0-4])([0-5]\d)Z$
YYYY-DDD hhmm+hh:mm,^(\d\d\d\d)-[0-3]\d\d ([0-1]\d|2[0-4])([0-5]\d)\+([0-1]\d|2[0-4]):([0-5]\d)$
YYYY-DDDThhmm+hh:mm,^(\d\d\d\d)-[0-3]\d\dT([0-1]\d|2[0-4])([0-5]\d)\+([0-1]\d|2[0-4]):([0-5]\d)$
YYYY-DDD hhmm+hhmm,^(\d\d\d\d)-[0-3]\d\d ([0-1]\d|2[0-4])([0-5]\d)\+([0-1]\d|2[0-4])([0-5]\d)$
YYYY-DDDThhmm+hhmm,^(\d\d\d\d)-[0-3]\d\dT([0-1]\d|2[0-4])([0-5]\d)\+([0-1]\d|2[0-4])([0-5]\d)$
YYYY-DDD hhmm+hh,^(\d\d\d\d)-[0-3]\d\d ([0-1]\d|2[0-4])([0-5]\d)\+([0-1]\d|2[0-4])$
YYYY-DDDThhmm+hh,^(\d\d\d\d)-[0-3]\d\dT([0-1]\d|2[0-4])([0-5]\d)\+([0-1]\d|2[0-4])$
YYYY-DDD hhmm-hh:mm,^(\d\d\d\d)-[0-3]\d\d ([0-1]\d|2[0-4])([0-5]\d)\-([0-1]\d|2[0-4]):([0-5]\d)$
YYYY-DDDThhmm-hh:mm,^(\d\d\d\d)-[0-3]\d\dT([0-1]\d|2[0-4])([0-5]\d)\-([0-1]\d|2[0-4]):([0-5]\d)$
YYYY-DDD hhmm-hhmm,^(\d\d\d\d)-[0-3]\d\d ([0-1]\d|2[0-4])([0-5]\d)\-([0-1]\d|2[0-4])([0-5]\d)$
YYYY-DDDThhmm-hhmm,^(\d\d\d\d)-[0-3]\d\dT([0-1]\d|2[0-4])([0-5]\d)\-([0-1]\d|2[0-4])([0-5]\d)$
YYYY-DDD hhmm-hh,^(\d\d\d\d)-[0-3]\d\d ([0-1]\d|2[0-4])([0-5]\d)\-([0-1]\d|2[0-4])$
YYYY-DDDThhmm-hh,^(\d\d\d\d)-[0-3]\d\dT([0-1]\d|2[0-4])([0-5]\d)\-([0-1]\d|2[0-4])$
YYYY-DDD hh,^(\d\d\d\d)-[0-3]\d\d ([0-1]\d|2[0-4])$
YYYY-DDDThh,^(\d\d\d\d)-[0-3]\d\dT([0-1]\d|2[0-4])$
YYYY-DDD hhZ,^(\d\d\d\d)-[0-3]\d\d ([0-1]\d|2[0-4])Z$
YYYY-DDDThhZ,^(\d\d\d\d)-[0-3]\d\dT([0-1]\d|2[0-4])Z$
YYYY-DDD hh+hh:mm,^(\d\d\d\d)-[0-3]\d\d ([0-1]\d|2[0-4])\+([0-1]\d|2[0-4]):([0-5]\d)$
YYYY-DDDThh+hh:mm,^(\d\d\d\d)-[0-3]\d\dT([0-1]\d|2[0-4])\+([0-1]\d|2[0-4]):([0-5]\d)$
YYYY-DDD hh+hhmm,^(\d\d\d\d)-[0-3]\d\d ([0-1]\d|2[0-4])\+([0-1]\d|2[0-4])([0-5]\d)$
YYYY-DDDThh+hhmm,^(\d\d\d\d)-[0-3]\d\dT([0-1]\d|2[0-4])\+([0-1]\d|2[0-4])([0-5]\d)$
YYYY-DDD hh+hh,^(\d\d\d\d)-[0-3]\d\d ([0-1]\d|2[0-4])\+([0-1]\d|2[0-4])$
YYYY-DDDThh+hh,^(\d\d\d\d)-[0-3]\d\dT([0-1]\d|2[0-4])\+([0-1]\d|2[0-4])$
YYYY-DDD hh-hh:mm,^(\d\d\d\d)-[0-3]\d\d ([0-1]\d|2[0-4])\-([0-1]\d|2[0-4]):([0-5]\d)$
YYYY-DDDThh-hh:mm,^(\d\d\d\d)-[0-3]\d\dT([0-1]\d|2[0-4])\-([0-1]\d|2[0-4]):([0-5]\d)$
YYYY-DDD hh-hhmm,^(\d\d\d\d)-[0-3]\d\d ([0-1]\d|2[0-4])\-([0-1]\d|2[0-4])([0-5]\d)$
YYYY-DDDThh-hhmm,^(\d\d\d\d)-[0-3]\d\dT([0-1]\d|2[0-4])\-([0-1]\d|2[0-4])([0-5]\d)$
YYYY-DDD hh-hh,^(\d\d\d\d)-[0-3]\d\d ([0-1]\d|2[0-4])\-([0-1]\d|2[0-4])$
YYYY-DDDThh-hh,^(\d\d\d\d)-[0-3]\d\dT([0-1]\d|2[0-4])\-([0-1]\d|2[0-4])$
YYYYDDD,^(\d\d\d\d)[0-3]\d\d$
YYYYDDD hh:mm:ss.sss,^(\d\d\d\d)[0-3]\d\d ([0-1]\d|2[0-4]):([0-5]\d):([0-5]\d)(\.\d\d\d)$
YYYYDDDThh:mm:ss.sss,^(\d\d\d\d)[0-3]\d\dT([0-1]\d|2[0-4]):([0-5]\d):([0-5]\d)(\.\d\d\d)$
YYYYDDD hh:mm:ss.sssZ,^(\d\d\d\d)[0-3]\d\d ([0-1]\d|2[0-4]):([0-5]\d):([0-5]\d)(\.\d\d\d)Z$
YYYYDDDThh:mm:ss.sssZ,^(\d\d\d\d)[0-3]\d\dT([0-1]\d|2[0-4]):([0-5]\d):([0-5]\d)(\.\d\d\d)Z$
YYYYDDD hh:mm:ss.sss+hh:mm,^(\d\d\d\d)[0-3]\d\d ([0-1]\d|2[0-4]):([0-5]\d):([0-5]\d)(\.\d\d\d)\+([0-1]\d|2[0-4]):([0-5]\d)$
YYYYDDDThh:mm:ss.sss+hh:mm,^(\d\d\d\d)[0-3]\d\dT([0-1]\d|2[0-4]):([0-5]\d):([0-5]\d)(\.\d\d\d)\+([0-1]\d|2[0-4]):([0-5]\d)$
YYYYDDD hh:mm:ss.sss+hhmm,^(\d\d\d\d)[0-3]\d\d ([0-1]\d|2[0-4]):([0-5]\d):([0-5]\d)(\.\d\d\d)\+([0-1]\d|2[0-4])([0-5]\d)$
YYYYDDDThh:mm:ss.sss+hhmm,^(\d\d\d\d)[0-3]\d\dT([0-1]\d|2[0-4]):([0-5]\d):([0-5]\d)(\.\d\d\d)\+([0-1]\d|2[0-4])([0-5]\d)$
YYYYDDD hh:mm:ss.sss+hh,^(\d\d\d\d)[0-3]\d\d ([0-1]\d|2[0-4]):([0-5]\d):([0-5]\d)(\.\d\d\d)\+([0-1]\d|2[0-4])$
YYYYDDDThh:mm:ss.sss+hh,^(\d\d\d\d)[0-3]\d\dT([0-1]\d|2[0-4]):([0-5]\d):([0-5]\d)(\.\d\d\d)\+([0-1]\d|2[0-4])$
YYYYDDD hh:mm:ss.sss-hh:mm,^(\d\d\d\d)[0-3]\d\d ([0-1]\d|2[0-4]):([0-5]\d):([0-5]\d)(\.\d\d\d)\-([0-1]\d|2[0-4]):([0-5]\d)$
YYYYDDDThh:mm:ss.sss-hh:mm,^(\d\d\d\d)[0-3]\d\dT([0-1]\d|2[0-4]):([0-5]\d):([0-5]\d)(\.\d\d\d)\-([0-1]\d|2[0-4]):([0-5]\d)$
YYYYDDD hh:mm:ss.sss-hhmm,^(\d\d\d\d)[0-3]\d\d ([0-1]\d|2[0-4]):([0-5]\d):([0-5]\d)(\.\d\d\d)\-([0-1]\d|2[0-4])([0-5]\d)$
YYYYDDDThh:mm:ss.sss-hhmm,^(\d\d\d\d)[0-3]\d\dT([0-1]\d|2[0-4]):([0-5]\d):([0-5]\d)(\.\d\d\d)\-([0-1]\d|2[0-4])([0-5]\d)$
YYYYDDD hh:mm:ss.sss-hh,^(\d\d\d\d)[0-3]\d\d ([0-1]\d|2[0-4]):([0-5]\d):([0-5]\d)(\.\d\d\d)\-([0-1]\d|2[0-4])$
YYYYDDDThh:mm:ss.sss-hh,^(\d\d\d\d)[0-3]\d\dT([0-1]\d|2[0-4]):([0-5]\d):([0-5]\d)(\.\d\d\d)\-([0-1]\d|2[0-4])$
YYYYDDD hhmmss.sss,^(\d\d\d\d)[0-3]\d\d ([0-1]\d|2[0-4])([0-5]\d)([0-5]\d)(\.\d\d\d)$
YYYYDDDThhmmss.sss,^(\d\d\d\d)[0-3]\d\dT([0-1]\d|2[0-4])([0-5]\d)([0-5]\d)(\.\d\d\d)$
YYYYDDD hhmmss.sssZ,^(\d\d\d\d)[0-3]\d\d ([0-1]\d|2[0-4])([0-5]\d)([0-5]\d)(\.\d\d\d)Z$
YYYYDDDThhmmss.sssZ,^(\d\d\d\d)[0-3]\d\dT([0-1]\d|2[0-4])([0-5]\d)([0-5]\d)(\.\d\d\d)Z$
YYYYDDD hhmmss.sss+hh:mm,^(\d\d\d\d)[0-3]\d\d ([0-1]\d|2[0-4])([0-5]\d)([0-5]\d)(\.\d\d\d)\+([0-1]\d|2[0-4]):([0-5]\d)$
YYYYDDDThhmmss.sss+hh:mm,^(\d\d\d\d)[0-3]\d\dT([0-1]\d|2[0-4])([0-5]\d)([0-5]\d)(\.\d\d\d)\+([0-1]\d|2[0-4]):([0-5]\d)$
YYYYDDD hhmmss.sss+hhmm,^(\d\d\d\d)[0-3]\d\d ([0-1]\d|2[0-4])([0-5]\d)([0-5]\d)(\.\d\d\d)\+([0-1]\d|2[0-4])([0-5]\d)$
YYYYDDDThhmmss.sss+hhmm,^(\d\d\d\d)[0-3]\d\dT([0-1]\d|2[0-4])([0-5]\d)([0-5]\d)(\.\d\d\d)\+([0-1]\d|2[0-4])([0-5]\d)$
YYYYDDD hhmmss.sss+hh,^(\d\d\d\d)[0-3]\d\d ([0-1]\d|2[0-4])([0-5]\d)([0-5]\d)(\.\d\d\d)\+([0-1]\d|2[0-4])$
YYYYDDDThhmmss.sss+hh,^(\d\d\d\d)[0-3]\d\dT([0-1]\d|2[0-4])([0-5]\d)([0-5]\d)(\.\d\d\d)\+([0-1]\d|2[0-4])$
YYYYDDD hhmmss.sss-hh:mm,^(\d\d\d\d)[0-3]\d\d ([0-1]\d|2[0-4])([0-5]\d)([0-5]\d)(\.\d\d\d)\-([0-1]\d|2[0-4]):([0-5]\d)$
YYYYDDDThhmmss.sss-hh:mm,^(\d\d\d\d)[0-3]\d\dT([0-1]\d|2[0-4])([0-5]\d)([0-5]\d)(\.\d\d\d)\-([0-1]\d|2[0-4]):([0-5]\d)$
YYYYDDD hhmmss.sss-hhmm,^(\d\d\d\d)[0-3]\d\d ([0-1]\d|2[0-4])([0-5]\d)([0-5]\d)(\.\d\d\d)\-([0-1]\d|2[0-4])([0-5]\d)$
YYYYDDDThhmmss.sss-hhmm,^(\d\d\d\d)[0-3]\d\dT([0-1]\d|2[0-4])([0-5]\d)([0-5]\d)(\.\d\d\d)\-([0-1]\d|2[0-4])([0-5]\d)$
YYYYDDD hhmmss.sss-hh,^(\d\d\d\d)[0-3]\d\d ([0-1]\d|2[0-4])([0-5]\d)([0-5]\d)(\.\d\d\d)\-([0-1]\d|2[0-4])$
YYYYDDDThhmmss.sss-hh,^(\d\d\d\d)[0-3]\d\dT([0-1]\d|2[0-4])([0-5]\d)([0-5]\d)(\.\d\d\d)\-([0-1]\d|2[0-4])$
YYYYDDD hh:mm:ss,^(\d\d\d\d)[0-3]\d\d ([0-1]\d|2[0-4]):([0-5]\d):([0-5]\d)$
YYYYDDDThh:mm:ss,^(\d\d\d\d)[0-3]\d\dT([0-1]\d|2[0-4]):([0-5]\d):([0-5]\d)$
YYYYDDD hh:mm:ssZ,^(\d\d\d\d)[0-3]\d\d ([0-1]\d|2[0-4]):([0-5]\d):([0-5]\d)Z$
YYYYDDDThh:mm:ssZ,^(\d\d\d\d)[0-3]\d\dT([0-1]\d|2[0-4]):([0-5]\d):([0-5]\d)Z$
YYYYDDD hh:mm:ss+hh:mm,^(\d\d\d\d)[0-3]\d\d ([0-1]\d|2[0-4]):([0-5]\d):([0-5]\d)\+([0-1]\d|2[0-4]):([0-5]\d)$
YYYYDDDThh:mm:ss+hh:mm,^(\d\d\d\d)[0-3]\d\dT([0-1]\d|2[0-4]):([0-5]\d):([0-5]\d)\+([0-1]\d|2[0-4]):([0-5]\d)$
YYYYDDD hh:mm:ss+hhmm,^(\d\d\d\d)[0-3]\d\d ([0-1]\d|2[0-4]):([0-5]\d):([0-5]\d)\+([0-1]\d|2[0-4])([0-5]\d)$
YYYYDDDThh:mm:ss+hhmm,^(\d\d\d\d)[0-3]\d\dT([0-1]\d|2[0-4]):([0-5]\d):([0-5]\d)\+([0-1]\d|2[0-4])([0-5]\d)$
YYYYDDD hh:mm:ss+hh,^(\d\d\d\d)[0-3]\d\d ([0-1]\d|2[0-4]):([0-5]\d):([0-5]\d)\+([0-1]\d|2[0-4])$
YYYYDDDThh:mm:ss+hh,^(\d\d\d\d)[0-3]\d\dT([0-1]\d|2[0-4]):([0-5]\d):([0-5]\d)\+([0-1]\d|2[0-4])$
YYYYDDD hh:mm:ss-hh:mm,^(\d\d\d\d)[0-3]\d\d ([0-1]\d|2[0-4]):([0-5]\d):([0-5]\d)\-([0-1]\d|2[0-4]):([0-5]\d)$
YYYYDDDThh:mm:ss-hh:mm,^(\d\d\d\d)[0-3]\d\dT([0-1]\d|2[0-4]):([0-5]\d):([0-5]\d)\-([0-1]\d|2[0-4]):([0-5]\d)$
YYYYDDD hh:mm:ss-hhmm,^(\d\d\d\d)[0-3]\d\d ([0-1]\d|2[0-4]):([0-5]\d):([0-5]\d)\-([0-1]\d|2[0-4])([0-5]\d)$
YYYYDDDThh:mm:ss-hhmm,^(\d\d\d\d)[0-3]\d\dT([0-1]\d|2[0-4]):([0-5]\d):([0-5]\d)\-([0-1]\d|2[0-4])([0-5]\d)$
YYYYDDD hh:mm:ss-hh,^(\d\d\d\d)[0-3]\d\d ([0-1]\d|2[0-4]):([0-5]\d):([0-5]\d)\-([0-1]\d|2[0-4])$
YYYYDDDThh:mm:ss-hh,^(\d\d\d\d)[0-3]\d\dT([0-1]\d|2[0-4]):([0-5]\d):([0-5]\d)\-([0-1]\d|2[0-4])$
YYYYDDD hhmmss,^(\d\d\d\d)[0-3]\d\d ([0-1]\d|2[0-4])([0-5]\d)([0-5]\d)$
YYYYDDDThhmmss,^(\d\d\d\d)[0-3]\d\dT([0-1]\d|2[0-4])([0-5]\d)([0-5]\d)$
YYYYDDD hhmmssZ,^(\d\d\d\d)[0-3]\d\d ([0-1]\d|2[0-4])([0-5]\d)([0-5]\d)Z$
YYYYDDDThhmmssZ,^(\d\d\d\d)[0-3]\d\dT([0-1]\d|2[0-4])([0-5]\d)([0-5]\d)Z$
YYYYDDD hhmmss+hh:mm,^(\d\d\d\d)[0-3]\d\d ([0-1]\d|2[0-4])([0-5]\d)([0-5]\d)\+([0-1]\d|2[0-4]):([0-5]\d)$
YYYYDDDThhmmss+hh:mm,^(\d\d\d\d)[0-3]\d\dT([0-1]\d|2[0-4])([0-5]\d)([0-5]\d)\+([0-1]\d|2[0-4]):([0-5]\d)$
YYYYDDD hhmmss+hhmm,^(\d\d\d\d)[0-3]\d\d ([0-1]\d|2[0-4])([0-5]\d)([0-5]\d)\+([0-1]\d|2[0-4])([0-5]\d)$
YYYYDDDThhmmss+hhmm,^(\d\d\d\d)[0-3]\d\dT([0-1]\d|2[0-4])([0-5]\d)([0-5]\d)\+([0-1]\d|2[0-4])([0-5]\d)$
YYYYDDD hhmmss+hh,^(\d\d\d\d)[0-3]\d\d ([0-1]\d|2[0-4])([0-5]\d)([0-5]\d)\+([0-1]\d|2[0-4])$
YYYYDDDThhmmss+hh,^(\d\d\d\d)[0-3]\d\dT([0-1]\d|2[0-4])([0-5]\d)([0-5]\d)\+([0-1]\d|2[0-4])$
YYYYDDD hhmmss-hh:mm,^(\d\d\d\d)[0-3]\d\d ([0-1]\d|2[0-4])([0-5]\d)([0-5]\d)\-([0-1]\d|2[0-4]):([0-5]\d)$
YYYYDDDThhmmss-hh:mm,^(\d\d\d\d)[0-3]\d\dT([0-1]\d|2[0-4])([0-5]\d)([0-5]\d)\-([0-1]\d|2[0-4]):([0-5]\d)$
YYYYDDD hhmmss-hhmm,^(\d\d\d\d)[0-3]\d\d ([0-1]\d|2[0-4])([0-5]\d)([0-5]\d)\-([0-1]\d|2[0-4])([0-5]\d)$
YYYYDDDThhmmss-hhmm,^(\d\d\d\d)[0-3]\d\dT([0-1]\d|2[0-4])([0-5]\d)([0-5]\d)\-([0-1]\d|2[0-4])([0-5]\d)$
YYYYDDD hhmmss-hh,^(\d\d\d\d)[0-3]\d\d ([0-1]\d|2[0-4])([0-5]\d)([0-5]\d)\-([0-1]\d|2[0-4])$
YYYYDDDThhmmss-hh,^(\d\d\d\d)[0-3]\d\dT([0-1]\d|2[0-4])([0-5]\d)([0-5]\d)\-([0-1]\d|2[0-4])$
YYYYDDD hh:mm,^(\d\d\d\d)[0-3]\d\d ([0-1]\d|2[0-4]):([0-5]\d)$
YYYYDDDThh:mm,^(\d\d\d\d)[0-3]\d\dT([0-1]\d|2[0-4]):([0-5]\d)$
YYYYDDD hh:mmZ,^(\d\d\d\d)[0-3]\d\d ([0-1]\d|2[0-4]):([0-5]\d)Z$
YYYYDDDThh:mmZ,^(\d\d\d\d)[0-3]\d\dT([0-1]\d|2[0-4]):([0-5]\d)Z$
YYYYDDD hh:mm+hh:mm,^(\d\d\d\d)[0-3]\d\d ([0-1]\d|2[0-4]):([0-5]\d)\+([0-1]\d|2[0-4]):([0-5]\d)$
YYYYDDDThh:mm+hh:mm,^(\d\d\d\d)[0-3]\d\dT([0-1]\d|2[0-4]):([0-5]\d)\+([0-1]\d|2[0-4]):([0-5]\d)$
YYYYDDD hh:mm+hhmm,^(\d\d\d\d)[0-3]\d\d ([0-1]\d|2[0-4]):([0-5]\d)\+([0-1]\d|2[0-4])([0-5]\d)$
YYYYDDDThh:mm+hhmm,^(\d\d\d\d)[0-3]\d\dT([0-1]\d|2[0-4]):([0-5]\d)\+([0-1]\d|2[0-4])([0-5]\d)$
YYYYDDD hh:mm+hh,^(\d\d\d\d)[0-3]\d\d ([0-1]\d|2[0-4]):([0-5]\d)\+([0-1]\d|2[0-4])$
YYYYDDDThh:mm+hh,^(\d\d\d\d)[0-3]\d\dT([0-1]\d|2[0-4]):([0-5]\d)\+([0-1]\d|2[0-4])$
YYYYDDD hh:mm-hh:mm,^(\d\d\d\d)[0-3]\d\d ([0-1]\d|2[0-4]):([0-5]\d)\-([0-1]\d|2[0-4]):([0-5]\d)$
YYYYDDDThh:mm-hh:mm,^(\d\d\d\d)[0-3]\d\dT([0-1]\d|2[0-4]):([0-5]\d)\-([0-1]\d|2[0-4]):([0-5]\d)$
YYYYDDD hh:mm-hhmm,^(\d\d\d\d)[0-3]\d\d ([0-1]\d|2[0-4]):([0-5]\d)\-([0-1]\d|2[0-4])([0-5]\d)$
YYYYDDDThh:mm-hhmm,^(\d\d\d\d)[0-3]\d\dT([0-1]\d|2[0-4]):([0-5]\d)\-([0-1]\d|2[0-4])([0-5]\d)$
YYYYDDD hh:mm-hh,^(\d\d\d\d)[0-3]\d\d ([0-1]\d|2[0-4]):([0-5]\d)\-([0-1]\d|2[0-4])$
YYYYDDDThh:mm-hh,^(\d\d\d\d)[0-3]\d\dT([0-1]\d|2[0-4]):([0-5]\d)\-([0-1]\d|2[0-4])$
YYYYDDD hhmm,^(\d\d\d\d)[0-3]\d\d ([0-1]\d|2[0-4])([0-5]\d)$
YYYYDDDThhmm,^(\d\d\d\d)[0-3]\d\dT([0-1]\d|2[0-4])([0-5]\d)$
YYYYDDD hhmmZ,^(\d\d\d\d)[0-3]\d\d ([0-1]\d|2[0-4])([0-5]\d)Z$
YYYYDDDThhmmZ,^(\d\d\d\d)[0-3]\d\dT([0-1]\d|2[0-4])([0-5]\d)Z$
YYYYDDD hhmm+hh:mm,^(\d\d\d\d)[0-3]\d\d ([0-1]\d|2[0-4])([0-5]\d)\+([0-1]\d|2[0-4]):([0-5]\d)$
YYYYDDDThhmm+hh:mm,^(\d\d\d\d)[0-3]\d\dT([0-1]\d|2[0-4])([0-5]\d)\+([0-1]\d|2[0-4]):([0-5]\d)$
YYYYDDD hhmm+hhmm,^(\d\d\d\d)[0-3]\d\d ([0-1]\d|2[0-4])([0-5]\d)\+([0-1]\d|2[0-4])([0-5]\d)$
YYYYDDDThhmm+hhmm,^(\d\d\d\d)[0-3]\d\dT([0-1]\d|2[0-4])([0-5]\d)\+([0-1]\d|2[0-4])([0-5]\d)$
YYYYDDD hhmm+hh,^(\d\d\d\d)[0-3]\d\d ([0-1]\d|2[0-4])([0-5]\d)\+([0-1]\d|2[0-4])$
YYYYDDDThhmm+hh,^(\d\d\d\d)[0-3]\d\dT([0-1]\d|2[0-4])([0-5]\d)\+([0-1]\d|2[0-4])$
YYYYDDD hhmm-hh:mm,^(\d\d\d\d)[0-3]\d\d ([0-1]\d|2[0-4])([0-5]\d)\-([0-1]\d|2[0-4]):([0-5]\d)$
YYYYDDDThhmm-hh:mm,^(\d\d\d\d)[0-3]\d\dT([0-1]\d|2[0-4])([0-5]\d)\-([0-1]\d|2[0-4]):([0-5]\d)$
YYYYDDD hhmm-hhmm,^(\d\d\d\d)[0-3]\d\d ([0-1]\d|2[0-4])([0-5]\d)\-([0-1]\d|2[0-4])([0-5]\d)$
YYYYDDDThhmm-hhmm,^(\d\d\d\d)[0-3]\d\dT([0-1]\d|2[0-4])([0-5]\d)\-([0-1]\d|2[0-4])([0-5]\d)$
YYYYDDD hhmm-hh,^(\d\d\d\d)[0-3]\d\d ([0-1]\d|2[0-4])([0-5]\d)\-([0-1]\d|2[0-4])$
YYYYDDDThhmm-hh,^(\d\d\d\d)[0-3]\d\dT([0-1]\d|2[0-4])([0-5]\d)\-([0-1]\d|2[0-4])$
YYYYDDD hh,^(\d\d\d\d)[0-3]\d\d ([0-1]\d|2[0-4])$
YYYYDDDThh,^(\d\d\d\d)[0-3]\d\dT([0-1]\d|2[0-4])$
YYYYDDD hhZ,^(\d\d\d\d)[0-3]\d\d ([0-1]\d|2[0-4])Z$
YYYYDDDThhZ,^(\d\d\d\d)[0-3]\d\dT([0-1]\d|2[0-4])Z$
YYYYDDD hh+hh:mm,^(\d\d\d\d)[0-3]\d\d ([0-1]\d|2[0-4])\+([0-1]\d|2[0-4]):([0-5]\d)$
YYYYDDDThh+hh:mm,^(\d\d\d\d)[0-3]\d\dT([0-1]\d|2[0-4])\+([0-1]\d|2[0-4]):([0-5]\d)$
YYYYDDD hh+hhmm,^(\d\d\d\d)[0-3]\d\d ([0-1]\d|2[0-4])\+([0-1]\d|2[0-4])([0-5]\d)$
YYYYDDDThh+hhmm,^(\d\d\d\d)[0-3]\d\dT([0-1]\d|2[0-4])\+([0-1]\d|2[0-4])([0-5]\d)$
YYYYDDD hh+hh,^(\d\d\d\d)[0-3]\d\d ([0-1]\d|2[0-4])\+([0-1]\d|2[0-4])$
YYYYDDDThh+hh,^(\d\d\d\d)[0-3]\d\dT([0-1]\d|2[0-4])\+([0-1]\d|2[0-4])$
YYYYDDD hh-hh:mm,^(\d\d\d\d)[0-3]\d\d ([0-1]\d|2[0-4])\-([0-1]\d|2[0-4]):([0-5]\d)$
YYYYDDDThh-hh:mm,^(\d\d\d\d)[0-3]\d\dT([0-1]\d|2[0-4])\-([0-1]\d|2[0-4]):([0-5]\d)$
YYYYDDD hh-hhmm,^(\d\d\d\d)[0-3]\d\d ([0-1]\d|2[0-4])\-([0-1]\d|2[0-4])([0-5]\d)$
YYYYDDDThh-hhmm,^(\d\d\d\d)[0-3]\d\dT([0-1]\d|2[0-4])\-([0-1]\d|2[0-4])([0-5]\d)$
YYYYDDD hh-hh,^(\d\d\d\d)[0-3]\d\d ([0-1]\d|2[0-4])\-([0-1]\d|2[0-4])$
YYYYDDDThh-hh,^(\d\d\d\d)[0-3]\d\dT([0-1]\d|2[0-4])\-([0-1]\d|2[0-4])$
